ID,NOMBRE_INSTALACION,REGION,COMUNA,ESTADO_INSTALACION,LATITUD,LONGITUD,DIST_RIO_M,DIST_ZONA_HAB_50P_KM2_M,RIO_1KM,RIO_5KM,HAB_1KM,HAB_5KM
0001-1N,PAMPA PABELLON,Tarapacá,Pica,ACTIVO,-20.9432343041405,-68.6040141830991,107.2,1263.3,1,1,0,1
0002-1N,DEPOSITO NORTE,Tarapacá,Pozo Almonte,ABANDONADO,-20.6091158572018,-69.6901635205178,2160.6,12509.9,0,1,0,0
0003-1N,RELAVE 1,Tarapacá,Pica,INACTIVO,-21.064578072119,-68.8780054368971,1582.6,9460.1,0,1,0,0
0004-1N,RELAVE 3,Tarapacá,Pica,ELIMINADO,-21.06454608686,-68.8778617597567,1593.0,9446.1,0,1,0,0
0005-1N,RELAVE 2,Tarapacá,Pica,ELIMINADO,-21.0645726797282,-68.8776186790103,1603.1,9427.7,0,1,0,0
0006-2N,PUNTA MORADO,Antofagasta,Taltal,INACTIVO,-25.3880207554353,-70.456289970482,816.7,1830.5,1,1,0,1
0007-2N,EMBALSE DE RELAVE,Antofagasta,Taltal,INACTIVO,-25.3891371440616,-70.454357453,756.0,1948.4,1,1,0,1
0008-2N,JOSE MORENO 1,Antofagasta,Taltal,INACTIVO,-25.3959272729261,-70.4756416526854,1185.2,359.6,0,1,1,1
0009-3N,TRANQUE DE RELAVE 3,Atacama,Copiapó,ACTIVO,-27.4025264242647,-70.2533675581345,696.7,304.5,1,1,1,1
0010-3N,RELAVES FILTRADOS,Atacama,Copiapó,EN CONSTRUCCION,-27.4048040323136,-70.2616112849746,118.1,212.7,1,1,1,1
0011-3N,TRANQUE DE RELAVE 3,Atacama,Vallenar,INACTIVO,-28.5649932542488,-70.7348373439102,12.4,446.2,1,1,1,1
0012-3N,TRANQUE DE RELAVE 1,Atacama,Copiapó,INACTIVO,-27.4087945395296,-70.2528341388443,749.3,522.3,1,1,1,1
0013-3N,TRANQUE DE RELAVE 2,Atacama,Copiapó,INACTIVO,-27.411220931169,-70.254272630916,613.6,218.9,1,1,1,1
0014-3N,EL SALADO,Atacama,Chañaral,INACTIVO,-26.4155607448902,-70.3335714031204,352.6,1306.7,1,1,0,1
0015-3N,TRANQUE 2,Atacama,Vallenar,INACTIVO,-28.5620393768674,-70.7426187045503,36.0,390.5,1,1,1,1
0016-3N,TRANQUE 1,Atacama,Vallenar,INACTIVO,-28.5634449900394,-70.7390375213979,123.4,64.9,1,1,1,1
0017-3N,DRE VALLENAR,Atacama,Vallenar,ACTIVO,-28.557408667801,-70.7430897736269,338.8,500.1,1,1,1,1
0018-4N,DELTA,Coquimbo,Ovalle,ACTIVO,-30.5086340978076,-71.2281215817986,536.7,1486.8,1,1,0,1
0019-4N,TRANQUE 1,Coquimbo,Ovalle,ABANDONADO,-30.5491466292603,-71.1756352784443,324.7,467.5,1,1,1,1
0020-4N,TRANQUE 2,Coquimbo,Ovalle,ABANDONADO,-30.5513500877944,-71.1776027377732,95.1,447.8,1,1,1,1
0021-4N,EMBALSE DE RELAVES,Coquimbo,Ovalle,INACTIVO,-30.5538763894439,-71.1789933839785,8.5,157.2,1,1,1,1
0022-1N,QB2,Tarapacá,Pica,ACTIVO,-21.0544468815943,-68.8477316149146,19.2,6357.2,1,1,0,0
0023-4N,HIPOGENO,Coquimbo,Andacollo,ACTIVO,-30.2713358511332,-71.1057546795926,2453.8,833.8,0,1,1,1
0024-2N,TRANQUE DE RELAVE,Antofagasta,Antofagasta,INACTIVO,-23.4427070363854,-70.0457447180925,611.0,414.9,1,1,1,1
0025-2N,MANTOS BLANCO,Antofagasta,Antofagasta,ACTIVO,-23.444445779165,-70.0562632338097,383.8,217.4,1,1,1,1
0026-2N,DEPOSITO RELAVES FINOS,Antofagasta,Antofagasta,ACTIVO,-23.4334328769137,-70.0920186516386,1453.6,541.0,0,1,1,1
0027-3N,MANTOVERDE,Atacama,Chañaral,EN CONSTRUCCION,-26.5630621960691,-70.3638079565349,1214.0,2495.1,0,1,0,1
0028-2N,DEPÓSITO TUINA,Antofagasta,Calama,ACTIVO,-22.5393639553742,-68.4353064453163,2545.7,30497.3,0,1,0,0
0029-2N,EMBALSE DE RELAVE,Antofagasta,Antofagasta,INACTIVO,-24.3406975474084,-69.068091470677,2214.0,508.4,0,1,1,1
0030-2N,LAGUNA SECA,Antofagasta,Antofagasta,ACTIVO,-24.4185679353818,-69.1206554235284,128.8,2658.8,1,1,0,1
0031-2N,HAMBURGO,Antofagasta,Antofagasta,INACTIVO,-24.2963387488379,-69.0501899792401,286.2,315.4,1,1,1,1
0032-2N,RELAVE FILTRADO,Antofagasta,Antofagasta,INACTIVO,-24.3582189792702,-69.0853152908185,644.2,531.9,1,1,1,1
0033-2N,TRANQUE 1,Antofagasta,Sierra Gorda,ABANDONADO,-22.808002852194,-69.3910634225071,3249.9,,0,1,0,0
0034-2N,TRANQUE 4,Antofagasta,Sierra Gorda,ABANDONADO,-22.8101188546339,-69.3955557327124,3263.3,,0,1,0,0
0035-2N,DEPOSITO 5,Antofagasta,Sierra Gorda,ACTIVO,-22.8109609908827,-69.3972747661922,3185.5,,0,1,0,0
0036-2N,TRANQUE 2,Antofagasta,Sierra Gorda,ABANDONADO,-22.8104386696904,-69.3919074588377,3069.0,,0,1,0,0
0037-2N,TRANQUE 3,Antofagasta,Sierra Gorda,ABANDONADO,-22.8082186996571,-69.3961868819076,3477.1,,0,1,0,0
0038-2N,EMBALSE DE RELAVES 3A,Antofagasta,Antofagasta,ACTIVO,-24.1746323778791,-69.0387995339729,1938.7,374.1,0,1,1,1
0039-2N,EMBALSE DE RELAVES,Antofagasta,Antofagasta,ACTIVO,-23.8062898401222,-70.3451191123434,3110.0,1667.1,0,1,0,1
0040-2N,EL PEÑON,Antofagasta,Antofagasta,INACTIVO,-24.4163623328326,-69.4900735081056,453.1,404.0,1,1,1,1
0041-2N, AMPLIACION EL PEÑON ,Antofagasta,Antofagasta,ACTIVO,-24.4118775602038,-69.4886212824282,896.7,115.6,1,1,1,1
0042-2N,LOS PIMIENTOS 1,Antofagasta,Taltal,ABANDONADO,-25.4186004809703,-70.0020324943648,17.3,,1,1,0,0
0043-2N,LOS PIMIENTOS 3,Antofagasta,Taltal,ABANDONADO,-25.4189715914662,-70.0019436752252,6.1,,1,1,0,0
0044-2N,LOS PIMIENTOS 2,Antofagasta,Taltal,ABANDONADO,-25.419235313393,-70.0015285620495,5.2,,1,1,0,0
0045-2N,LOS PIMIENTOS 4,Antofagasta,Taltal,ABANDONADO,-25.418633555113,-70.0025127155805,12.9,,1,1,0,0
0046-2N,TRANQUE 3,Antofagasta,Taltal,ACTIVO,-25.0987091816634,-70.4904402222554,2798.4,12542.8,0,1,0,0
0047-2N,TRANQUE 2,Antofagasta,Taltal,INACTIVO,-25.0991732366542,-70.499607892322,3446.8,12822.2,0,1,0,0
0048-2N,TRANQUE 1,Antofagasta,Taltal,INACTIVO,-25.1071325511244,-70.5011014550357,2984.6,13709.4,0,1,0,0
0049-2N,LAS LUCES 2,Antofagasta,Taltal,INACTIVO,-25.6658799288142,-70.5834103028418,994.5,29281.6,1,1,0,0
0050-2N,LAS LUCES 1,Antofagasta,Taltal,INACTIVO,-25.6612625405498,-70.5899989953844,1144.7,29000.2,0,1,0,0
0051-2N,LAS LUCES 3,Antofagasta,Taltal,ACTIVO,-25.6735741694636,-70.5717576600658,174.6,29779.8,1,1,0,0
0052-2N,SOLEDAD I,Antofagasta,Taltal,INACTIVO,-25.1134108337315,-69.5487864218543,158.3,,1,1,0,0
0053-2N,SOLEDAD II,Antofagasta,Taltal,INACTIVO,-25.1141660856409,-69.5477831608088,289.2,,1,1,0,0
0054-2N,TRANQUE 1,Antofagasta,Taltal,INACTIVO,-25.1134164982049,-69.5463838418416,337.6,,1,1,0,0
0055-2N,TRANQUE 2,Antofagasta,Taltal,INACTIVO,-25.1132654719202,-69.546838175612,292.5,,1,1,0,0
0056-2N,ESPERANZA,Antofagasta,Sierra Gorda,ACTIVO,-22.9899940026594,-69.1231342248811,47.2,,1,1,0,0
0057-2N,TALABRE,Antofagasta,Calama,ACTIVO,-22.3794584265059,-68.762965254895,595.5,6354.3,1,1,0,0
0058-3N,PAMPA AUSTRAL,Atacama,Diego de Almagro,ACTIVO,-26.2507897279744,-70.0822150367529,333.1,15396.9,1,1,0,0
0059-3N,DEPOSITO RELAVES FILTRADOS 2,Atacama,Diego de Almagro,ACTIVO,-26.4268484621784,-69.4915143305803,1521.4,409.1,0,1,1,1
0060-3N,POTRERILLOS,Atacama,Diego de Almagro,ABANDONADO,-26.4396917242914,-69.4933303030957,1257.0,497.0,0,1,1,1
0061-3N,LOS AMARILLOS,Atacama,Diego de Almagro,ABANDONADO,-26.2295974162292,-69.7832532128923,182.7,14546.7,1,1,0,0
0062-3N,EL GRINGO,Atacama,Diego de Almagro,ABANDONADO,-26.2766076175546,-69.6086136269012,1714.3,1197.0,0,1,0,1
0063-3N,SALVADOR,Atacama,Diego de Almagro,ABANDONADO,-26.2786809592006,-69.6097995922981,1543.6,1273.2,0,1,0,1
0064-3N,CONVERTIDOR TENIENTE,Atacama,Diego de Almagro,INACTIVO,-26.4318699218923,-69.4796775478423,1688.4,263.4,0,1,1,1
0065-5C,LOS LEONES,Valparaíso,Los Andes,INACTIVO,-32.9822005425586,-70.2389457952966,105.1,1662.8,1,1,0,1
0066-5C,PIUQUENES,Valparaíso,Los Andes,INACTIVO,-32.9992837565276,-70.2552761798783,90.9,335.7,1,1,1,1
0067-RM,OVEJERIA,Metropolitana de Santiago,Tiltil,ACTIVO,-33.0396960303142,-70.7955457522894,167.6,5889.3,1,1,0,0
0068-6C,PISCINA EMERGENCIA,Libertador General Bernardo O'Higgins,Doñihue,INACTIVO,-34.1958251172268,-70.8536316557268,847.2,170.9,1,1,1,1
0069-6C,EMERGENCIA 2,Libertador General Bernardo O'Higgins,Requínoa,INACTIVO,-34.2309552977435,-70.6834521791212,749.5,318.0,1,1,1,1
0070-11S,TK FACHINAL,Aysén del General Carlos Ibáñez del Campo,Chile Chico,INACTIVO,-46.5499448954929,-71.9974592620872,368.1,18943.7,1,1,0,0
0071-6C,EMBALSE EMERGENCIA,Libertador General Bernardo O'Higgins,Doñihue,INACTIVO,-34.1948342612661,-70.8508387438379,719.7,379.6,1,1,1,1
0072-6C,EMERGENCIA 1,Libertador General Bernardo O'Higgins,Requínoa,INACTIVO,-34.2314711841272,-70.6808899945348,874.4,213.3,1,1,1,1
0073-RM,CAREN,Metropolitana de Santiago,Alhué,ACTIVO,-34.1127367593649,-71.1364472742824,204.2,4443.6,1,1,0,1
0074-6C,BARAHONA 2,Libertador General Bernardo O'Higgins,Machalí,INACTIVO,-34.0797109101837,-70.506519766417,2013.3,1125.9,0,1,0,1
0075-6C,MARGAS,Libertador General Bernardo O'Higgins,Machalí,INACTIVO,-34.0907229065862,-70.4060320202785,96.1,1623.2,1,1,0,1
0076-6C,ARENAS,Libertador General Bernardo O'Higgins,Machalí,INACTIVO,-34.0913742571389,-70.397116426079,198.0,860.9,1,1,1,1
0077-2N,TRANQUE DE RELAVE 2,Antofagasta,Taltal,ABANDONADO,-25.3976704812525,-70.476026933052,1026.9,426.6,0,1,1,1
0078-2N,TRANQUE DE RELAVE 1,Antofagasta,Taltal,ABANDONADO,-25.3983107831797,-70.4767475259901,925.6,433.7,1,1,1,1
0079-2N,MICHILLA,Antofagasta,Mejillones,ABANDONADO,-22.7422949785691,-70.2879104969903,863.6,1408.2,1,1,0,1
0080-2N,EMBALSE DE RELAVE,Antofagasta,Antofagasta,ABANDONADO,-23.4589559380366,-70.1314249581802,216.1,494.4,1,1,1,1
0081-2N,BORRAS DE RELAVE,Antofagasta,Antofagasta,ABANDONADO,-23.4599762230608,-70.142455129593,64.1,498.9,1,1,1,1
0082-2N,TRANQUE,Antofagasta,Sierra Gorda,ABANDONADO,-22.9305337621458,-69.3495268362961,451.6,,1,1,0,0
0083-2N,SIERRA GORDA,Antofagasta,Sierra Gorda,ACTIVO,-22.8572406614373,-69.3898485901807,1705.9,,0,1,0,0
0084-2N,GUANACO,Antofagasta,Taltal,ACTIVO,-25.0903255596,-69.5333217625311,211.4,,1,1,0,0
0085-2N,VISTA AL MAR 1,Antofagasta,Taltal,ABANDONADO,-25.3928100880925,-70.4738334575451,1551.7,419.1,0,1,1,1
0086-2N,TRANQUE DE RELAVE,Antofagasta,Taltal,ABANDONADO,-25.6398999341727,-70.3814761199965,40.3,26694.9,1,1,0,0
0087-2N,RELAVE PLANTA SOEXU,Antofagasta,Antofagasta,ABANDONADO,-23.4845235374448,-70.1780087679686,136.7,815.2,1,1,1,1
0088-2N,RELAVE CARACOLES 1-2,Antofagasta,Sierra Gorda,ABANDONADO,-22.914669067648,-69.334673771991,503.5,,1,1,0,0
0089-2N,RELAVE SIERRA GORDA 1,Antofagasta,Sierra Gorda,ABANDONADO,-22.9375151925459,-69.3439004540471,1287.1,,0,1,0,0
0090-2N,TRANQUE DE RELAVE 1-2-3,Antofagasta,Taltal,ABANDONADO,-25.3911417700826,-70.4726898158762,1761.2,568.1,0,1,1,1
0091-2N,TRANQUE,Antofagasta,Taltal,ABANDONADO,-25.4070684824556,-70.4497466107343,2282.7,2262.8,0,1,0,1
0092-2N,TRANQUE DE RELAVE,Antofagasta,Calama,ABANDONADO,-22.42323961579,-68.9856722863233,2620.4,2903.3,0,1,0,1
0093-2N,TRANQUE DE RELAVE 2,Antofagasta,Calama,ABANDONADO,-22.4243816501567,-68.9862413371768,2543.0,2823.0,0,1,0,1
0094-2N,SPENCE,Antofagasta,Sierra Gorda,ACTIVO,-22.7519207111954,-69.3167696802857,203.3,,1,1,0,0
0095-3N,EMBALSE DE RELAVES ANTIGUOS CAPOTE AURIFERO,Atacama,Freirina,ABANDONADO,-28.3155245509029,-70.9497094948941,2941.5,11883.5,0,1,0,0
0096-3N,DAY 2,Atacama,Copiapó,ACTIVO,-27.3913135640964,-70.3412626925369,303.3,450.3,1,1,1,1
0097-3N,DAY,Atacama,Copiapó,INACTIVO,-27.3937870921841,-70.3432622096846,268.4,465.6,1,1,1,1
0098-3N,DESCONOCIDO,Atacama,Copiapó,INACTIVO,-27.392045049532,-70.340439902797,188.8,486.1,1,1,1,1
0099-3N,TRANQUE DE RELAVE,Atacama,Copiapó,ACTIVO,-27.4268860000027,-70.3164480359304,462.1,400.0,1,1,1,1
0100-3N,TRANQUE DE RELAVE,Atacama,Tierra Amarilla,INACTIVO,-27.4374390778208,-70.2713238505027,254.3,91.7,1,1,1,1
0101-3N,MARIA ISABEL 1,Atacama,Tierra Amarilla,INACTIVO,-27.4487162121733,-70.2707066584492,193.3,662.8,1,1,1,1
0102-3N,MARIA ISABEL 2,Atacama,Tierra Amarilla,INACTIVO,-27.4490577974017,-70.2705981767417,182.6,628.3,1,1,1,1
0103-3N,MARIA ISABEL 3,Atacama,Tierra Amarilla,INACTIVO,-27.4493168851424,-70.2706551012137,188.2,599.1,1,1,1,1
0104-3N,RAPELINA,Atacama,Copiapó,ACTIVO,-27.3926664924174,-70.3420615532386,262.5,513.9,1,1,1,1
0105-3N,TRANQUE 1,Atacama,Copiapó,INACTIVO,-27.4162350071985,-70.3176341335579,103.1,531.0,1,1,1,1
0106-3N,TRANQUE 2,Atacama,Copiapó,INACTIVO,-27.4172452730571,-70.3198296161068,190.4,495.6,1,1,1,1
0107-3N,TRANQUE 3,Atacama,Copiapó,INACTIVO,-27.4166372115481,-70.3245208165072,616.3,476.8,1,1,1,1
0108-3N,TRANQUE 4,Atacama,Copiapó,ACTIVO,-27.4168309864299,-70.3227486163028,448.5,437.8,1,1,1,1
0109-3N,TRANQUE 5,Atacama,Copiapó,ACTIVO,-27.4153297969039,-70.3232737130299,585.5,291.7,1,1,1,1
0110-3N,DEPOSITO DE RELAVE POZO SECO,Atacama,Vallenar,ABANDONADO,-28.7526279060053,-70.7737116544109,334.5,1312.4,1,1,0,1
0111-3N,FARAH 1-2-3-4-5-6-7,Atacama,Copiapó,INACTIVO,-27.4066315008067,-70.3459956583462,194.5,250.7,1,1,1,1
0112-3N,EMBALSE OP,Atacama,Copiapó,INACTIVO,-27.403430882883,-70.3441857619308,368.7,313.4,1,1,1,1
0113-3N,ARCADIO,Atacama,Copiapó,ACTIVO,-27.4080030258462,-70.3555250402595,266.9,378.3,1,1,1,1
0114-3N,DEPOSITO DE RELAVE LICEO MANUEL MAGALHAES,Atacama,Diego de Almagro,ABANDONADO,-26.3893103692289,-70.0532537295477,951.6,265.1,1,1,1,1
0115-3N,EMBALSE MAYA,Atacama,Copiapó,ABANDONADO,-27.4183826767919,-70.3873684154491,3001.3,2355.3,0,1,0,1
0116-3N,TRANQUE DE RELAVE,Atacama,Copiapó,ABANDONADO,-27.378418077774,-70.2902779214746,1476.6,198.5,0,1,1,1
0117-3N,COBRE NORTE,Atacama,Vallenar,ACTIVO,-28.5481386077935,-70.7370500772125,1507.4,266.9,0,1,1,1
0118-3N,RELAVES CARMEN,Atacama,Vallenar,ABANDONADO,-28.585113933243,-70.7478250136772,28.9,318.2,1,1,1,1
0119-3N,RELAVES CALLEJAS VALLENAR,Atacama,Vallenar,ABANDONADO,-28.5730420191328,-70.7705273265428,13.9,249.8,1,1,1,1
0120-3N,TORINO 1,Atacama,Vallenar,ABANDONADO,-28.5868270871457,-70.7432829778398,69.1,390.5,1,1,1,1
0121-3N,TORINO 2,Atacama,Vallenar,ABANDONADO,-28.58778985105,-70.7421009001792,53.0,327.9,1,1,1,1
0122-3N,SANTA TERESA 1,Atacama,Copiapó,ABANDONADO,-27.3965940696979,-70.346140692367,273.6,100.6,1,1,1,1
0123-3N,SANTA TERESA 2,Atacama,Copiapó,ABANDONADO,-27.3965840286783,-70.3456892264198,241.1,142.6,1,1,1,1
0124-3N,SANTA TERESA 3,Atacama,Copiapó,ABANDONADO,-27.3965682139104,-70.3453259879994,215.5,177.2,1,1,1,1
0125-3N,SANTA TERESA 4,Atacama,Copiapó,ABANDONADO,-27.3962176185011,-70.3449729166427,215.3,208.6,1,1,1,1
0126-3N,MONSERRAT,Atacama,Copiapó,ABANDONADO,-27.4115123926343,-70.3588408691009,131.1,372.3,1,1,1,1
0127-3N,AMOLANAS I,Atacama,Tierra Amarilla,INACTIVO,-28.0702790457327,-70.0357566847602,434.6,11348.4,1,1,0,0
0128-3N,AMOLANAS II,Atacama,Tierra Amarilla,ACTIVO,-28.0644850482745,-70.0357319760724,30.4,10730.9,1,1,0,0
0129-3N,EL GATO,Atacama,Copiapó,INACTIVO,-27.3762528344425,-70.2661276366533,1802.5,436.9,0,1,1,1
0130-3N,FILTRADO EL GATO,Atacama,Copiapó,ACTIVO,-27.3834409388864,-70.2612602830261,1128.9,492.5,0,1,1,1
0131-3N,EMBALSE DE RELAVE,Atacama,Copiapó,ELIMINADO,-27.4080373571223,-70.3563072565425,263.1,392.0,1,1,1,1
0132-3N,EMBALSE,Atacama,Diego de Almagro,ACTIVO,-26.7503292775552,-69.9017243890047,1080.3,40584.6,0,1,0,0
0133-3N,CANDELARIA 1,Atacama,Copiapó,ABANDONADO,-27.4251307510671,-70.3152796706359,421.3,455.0,1,1,1,1
0134-3N,CANDELARIA 2,Atacama,Copiapó,ABANDONADO,-27.4246592697566,-70.3150778540282,410.8,399.2,1,1,1,1
0135-3N,CANDELARIA 3,Atacama,Copiapó,ABANDONADO,-27.4243924309096,-70.3159260734598,323.2,408.7,1,1,1,1
0136-3N,ANDREA,Atacama,Copiapó,ABANDONADO,-27.3788716360132,-70.2905689373007,1431.8,196.3,0,1,1,1
0137-3N,RAHCO,Atacama,Copiapó,ACTIVO,-26.8297740512222,-69.2817642356415,1084.7,,0,1,0,0
0138-3N,RAKITO,Atacama,Copiapó,INACTIVO,-26.8368910439144,-69.2802789096918,297.7,,1,1,0,0
0139-3N,EMBALSE CORONA,Atacama,Copiapó,ACTIVO,-27.3907708985543,-70.3378280412377,90.2,328.5,1,1,1,1
0140-3N,CORONA,Atacama,Copiapó,INACTIVO,-27.3911149337763,-70.3369138676889,2.5,397.5,1,1,1,1
0141-3N,PUERTO RICO 0-1-2,Atacama,Copiapó,INACTIVO,-27.3897602979675,-70.3428888985387,537.6,457.1,1,1,1,1
0142-3N,DEPOSITO 1,Atacama,Copiapó,INACTIVO,-27.4142273562852,-70.3559073267889,1.0,152.9,1,1,1,1
0143-3N,DEPOSITO 2,Atacama,Copiapó,ACTIVO,-27.4142294614702,-70.356503506036,44.8,180.6,1,1,1,1
0144-3N,ESTANQUE IMPERMEABILIZADO,Atacama,Copiapó,INACTIVO,-27.4147073315603,-70.3561686999971,8.0,211.5,1,1,1,1
0145-3N,SAN JOAQUIN 1,Atacama,Tierra Amarilla,INACTIVO,-27.4432568927592,-70.2716305129473,284.6,592.2,1,1,1,1
0146-3N,SAN JOAQUIN 2,Atacama,Tierra Amarilla,INACTIVO,-27.4428859980366,-70.2726512043847,385.4,552.4,1,1,1,1
0147-3N,SAN JOAQUIN 3,Atacama,Tierra Amarilla,INACTIVO,-27.4429342688706,-70.2720711555354,328.1,554.9,1,1,1,1
0148-3N,FALDA VERDE,Atacama,Chañaral,INACTIVO,-26.3204959530994,-70.6055213505637,1685.1,84.0,0,1,1,1
0149-3N,FALDA VERDE 2,Atacama,Chañaral,INACTIVO,-26.3192244214418,-70.6090665172851,1921.2,427.5,0,1,1,1
0150-3N,FALDA VERDE 2-3,Atacama,Chañaral,INACTIVO,-26.3201030983986,-70.6070758004959,1765.0,208.5,0,1,1,1
0151-3N,TRANQUE DE RELAVE 1,Atacama,Tierra Amarilla,ACTIVO,-27.56367671037,-70.2431396201209,561.0,923.4,1,1,1,1
0152-3N,TRANQUE DE RELAVE 3,Atacama,Tierra Amarilla,ABANDONADO,-27.572455388765,-70.2329564210393,409.7,283.9,1,1,1,1
0153-3N,SECTOR 5,Atacama,Tierra Amarilla,ACTIVO,-27.5638367410871,-70.201210920576,9.3,2996.4,1,1,0,1
0154-3N,ELISA DE BORDOS 1,Atacama,Tierra Amarilla,INACTIVO,-27.718842068761,-70.1890545682009,462.7,14318.2,1,1,0,0
0155-3N,ELISA DE BORDOS 2,Atacama,Tierra Amarilla,INACTIVO,-27.7168013432162,-70.1890438413455,511.4,14511.2,1,1,0,0
0156-3N,TRANQUE DE RELAVE,Atacama,Tierra Amarilla,INACTIVO,-27.7179662059162,-70.1858572997405,782.6,14241.4,1,1,0,0
0157-3N,CANDELARIA,Atacama,Tierra Amarilla,INACTIVO,-27.5060632295066,-70.3112554832461,2139.9,1775.4,0,1,0,1
0158-3N,SAN ESTEBAN 1 PRINCIPAL,Atacama,Tierra Amarilla,ABANDONADO,-27.4854779093723,-70.2932220940011,6.8,787.4,1,1,1,1
0159-3N,SAN ESTEBAN 1 SECUNDARIO,Atacama,Tierra Amarilla,ABANDONADO,-27.4849708551697,-70.290013900426,49.3,608.7,1,1,1,1
0160-3N,SAN ESTEBAN 2,Atacama,Tierra Amarilla,ELIMINADO,-27.4889152822787,-70.294318662575,386.9,1169.3,1,1,0,1
0161-3N,LOS DIQUES,Atacama,Tierra Amarilla,ACTIVO,-27.5363842025583,-70.3225302243373,810.7,1147.5,1,1,0,1
0162-3N,OJANCOS 1,Atacama,Copiapó,ABANDONADO,-27.3673484751454,-70.3454562672925,305.8,460.4,1,1,1,1
0163-3N,OJANCOS 2,Atacama,Copiapó,ABANDONADO,-27.3659158959424,-70.3499250409557,246.2,434.7,1,1,1,1
0164-3N,DEPOSITO DE RELAVE 3,Atacama,Copiapó,ABANDONADO,-27.3530231016268,-70.3620222475664,586.5,242.7,1,1,1,1
0165-3N,DEPOSITO DE RELAVE 4,Atacama,Copiapó,ABANDONADO,-27.3537117831833,-70.3720761518122,58.1,96.3,1,1,1,1
0166-3N,TRANQUE DE RELAVE,Atacama,Copiapó,ABANDONADO,-27.366288137881,-70.3434362873091,188.5,518.6,1,1,1,1
0167-3N,BODEGA ALTO ,Atacama,Copiapó,ABANDONADO,-27.3523791275332,-70.3697659918977,210.4,334.5,1,1,1,1
0168-3N,EMBALSE DE RELAVES,Atacama,Copiapó,ABANDONADO,-27.4177599437115,-70.3134915445463,314.5,386.7,1,1,1,1
0169-3N,TRANQUE DE RELAVE,Atacama,Copiapó,ABANDONADO,-27.4161489097849,-70.3127356363783,251.5,371.2,1,1,1,1
0170-3N,TRANQUE DE RELAVE,Atacama,Copiapó,ABANDONADO,-27.4157218962758,-70.3117368090935,308.2,368.5,1,1,1,1
0171-3N,EMBALSE 4,Atacama,Copiapó,ACTIVO,-27.3887109439863,-70.3407881465022,460.1,219.8,1,1,1,1
0172-3N,TRANQUE DE RELAVE,Atacama,Freirina,ABANDONADO,-28.8678872234089,-71.1281876997522,556.1,23738.9,1,1,0,0
0173-3N,TRANQUE DE RELAVE,Atacama,Freirina,ABANDONADO,-28.8769611441178,-71.1438139612015,13.5,24773.0,1,1,0,0
0174-3N,DESCONOCIDO,Atacama,Copiapó,ABANDONADO,-27.4512280166016,-70.31230206409,2253.8,1478.9,0,1,0,1
0175-3N,DESCONOCIDO,Atacama,Copiapó,ABANDONADO,-27.4509054413213,-70.3125422550668,2212.3,1441.2,0,1,0,1
0176-3N,SANTA LAURA 1,Atacama,Copiapó,ABANDONADO,-27.4058648674277,-70.3202374861896,752.0,231.0,1,1,1,1
0177-3N,SANTA LAURA 2,Atacama,Copiapó,ABANDONADO,-27.4026477423423,-70.3209194199864,1038.0,242.9,0,1,1,1
0178-3N,SANTA LAURA 3,Atacama,Copiapó,ABANDONADO,-27.4032636610437,-70.3188183797033,830.3,354.1,1,1,1,1
0179-3N,SANTA ROSA 1,Atacama,Copiapó,ACTIVO,-27.4284273749047,-70.3128757643278,838.8,154.2,1,1,1,1
0180-3N,SANTA ROSA 2,Atacama,Copiapó,INACTIVO,-27.4283781202574,-70.3121551268084,888.3,206.3,1,1,1,1
0181-3N,UNION,Atacama,Copiapó,ABANDONADO,-27.4004105512993,-70.348787095619,187.4,489.9,1,1,1,1
0182-3N,ANDACOLLO 1,Atacama,Copiapó,ABANDONADO,-27.4181203916704,-70.3875539413903,3010.5,2377.5,0,1,0,1
0183-3N,ANDACOLLO 2,Atacama,Copiapó,ABANDONADO,-27.4179381468949,-70.3876833675604,3017.1,2393.2,0,1,0,1
0184-3N,PORVENIR ,Atacama,Copiapó,ABANDONADO,-27.3898641007525,-70.3299134046928,544.8,221.0,1,1,1,1
0185-3N,PORVENIR SUR,Atacama,Copiapó,ABANDONADO,-27.3915257728689,-70.330409698716,539.5,399.1,1,1,1,1
0186-3N,CUESTA CARDONES 1,Atacama,Copiapó,ABANDONADO,-27.3884309243906,-70.3367646359532,133.2,204.3,1,1,1,1
0187-3N,DESCONOCIDO,Atacama,Copiapó,ABANDONADO,-27.3688849175337,-70.3445715911483,475.6,360.6,1,1,1,1
0188-3N,PURIFICACION 1,Atacama,Copiapó,ABANDONADO,-27.4184236005983,-70.3153026076337,230.0,348.1,1,1,1,1
0189-3N,PURIFICACION 2,Atacama,Copiapó,ABANDONADO,-27.4178873356795,-70.3151487549127,201.8,396.7,1,1,1,1
0190-3N,PURIFICACION 3,Atacama,Copiapó,ABANDONADO,-27.4174120996922,-70.315197112903,163.2,447.8,1,1,1,1
0191-3N,EMBALSE DE RELAVES,Atacama,Copiapó,ABANDONADO,-27.418340721134,-70.314201747615,305.0,324.7,1,1,1,1
0192-3N,LLAUCAVEN 1,Atacama,Copiapó,INACTIVO,-27.404221032875,-70.3077045838074,42.3,229.7,1,1,1,1
0193-3N,LLAUCAVEN 2,Atacama,Copiapó,INACTIVO,-27.4032548366737,-70.308752920174,36.3,361.0,1,1,1,1
0194-3N,TANIA,Atacama,Copiapó,INACTIVO,-27.4049014637362,-70.3060643276974,113.0,73.1,1,1,1,1
0195-3N,GUGGIANA,Atacama,Copiapó,INACTIVO,-27.354061993026,-70.3550879214409,297.1,66.1,1,1,1,1
0196-3N,DON LUIS 2,Atacama,Tierra Amarilla,INACTIVO,-27.4839138671811,-70.289878035627,166.2,491.7,1,1,1,1
0197-3N,LA FLORIDA 1,Atacama,Copiapó,INACTIVO,-27.4265142233386,-70.264037615937,305.3,340.5,1,1,1,1
0198-3N,LA FLORIDA 2,Atacama,Copiapó,INACTIVO,-27.4261148174614,-70.2630299299777,350.1,390.0,1,1,1,1
0199-3N,EMBALSE DE RELAVES,Atacama,Copiapó,INACTIVO,-27.4048161142602,-70.3523592071343,433.0,303.2,1,1,1,1
0200-3N,MARIPOSA,Atacama,Vallenar,EN CONSTRUCCION,-28.6798446060564,-70.8237983336876,442.6,5932.0,1,1,0,0
0201-3N,AMANDA (EX CHARITO),Atacama,Copiapó,ABANDONADO,-27.4113014909016,-70.3628011689973,452.2,201.7,1,1,1,1
0202-3N,OJOS DE AGUA,Atacama,Copiapó,ACTIVO,-27.4086851556107,-70.3523397678212,146.5,546.1,1,1,1,1
0203-3N,CERRO NEGRO NORTE,Atacama,Copiapó,ACTIVO,-27.127671919077,-70.3630570704192,766.3,2908.9,1,1,0,1
0204-3N,DEPÓSITO DE RELAVES FILTRADOS – PLANTA DE PELLETS,Atacama,Huasco,ACTIVO,-28.4938643090836,-71.2525000302842,4615.3,844.6,0,1,1,1
0205-4N,EL ROMERAL,Coquimbo,La Serena,INACTIVO,-29.7257057683364,-71.2224859376893,361.2,430.5,1,1,1,1
0206-4N,EL TRIGO,Coquimbo,La Serena,ACTIVO,-29.7593241244913,-71.2363528834678,762.5,2378.5,1,1,0,1
0207-3N,LAS CRUCES,Atacama,Copiapó,ACTIVO,-27.4504649796096,-70.3259720152912,1467.9,640.3,0,1,1,1
0208-3N,LAS CRUCES 2,Atacama,Copiapó,EN CONSTRUCCION,-27.4456852443533,-70.3115796304131,1898.7,885.4,0,1,1,1
0209-3N,EL BUITRE,Atacama,Tierra Amarilla,ABANDONADO,-27.4807314442354,-70.288310119947,518.1,134.2,1,1,1,1
0210-3N,SAN JOSE,Atacama,Tierra Amarilla,ABANDONADO,-27.4823053094627,-70.279047115411,344.0,330.0,1,1,1,1
0211-3N,ARENAS EL TAMBO,Atacama,Tierra Amarilla,ACTIVO,-28.1896000729189,-69.5535067166275,1.9,22597.7,1,1,0,0
0212-3N,LAMAS LA BREA,Atacama,Tierra Amarilla,ACTIVO,-28.1326825356835,-69.6242701036217,158.4,15518.7,1,1,0,0
0213-3N,PABELLON,Atacama,Tierra Amarilla,ABANDONADO,-27.6535671910616,-70.2356886242049,26.8,9107.2,1,1,0,0
0214-3N,RIO HUASCO,Atacama,Caldera,INACTIVO,-27.0305321641671,-70.8148374238706,2968.5,1741.3,0,1,0,1
0215-3N,DOMEYKO 1,Atacama,Vallenar,ABANDONADO,-28.9577593843296,-70.8826692670403,166.9,688.6,1,1,1,1
0216-3N,DOMEYKO 2,Atacama,Vallenar,ABANDONADO,-28.9565654941763,-70.8863347081008,34.9,321.5,1,1,1,1
0217-3N,DOMEYKO 3,Atacama,Vallenar,ABANDONADO,-28.9551898966173,-70.8867395379244,117.2,207.0,1,1,1,1
0218-3N,DOMEYKO 4,Atacama,Vallenar,ABANDONADO,-28.9552632184457,-70.8850152314183,109.1,371.5,1,1,1,1
0219-3N,DOMEYKO 5,Atacama,Vallenar,ABANDONADO,-28.9551751716777,-70.8858213450943,118.8,292.7,1,1,1,1
0220-3N,SOLIS 1,Atacama,Vallenar,INACTIVO,-28.5523035829214,-70.7628828449842,24.4,265.9,1,1,1,1
0221-3N,SOLIS 2,Atacama,Vallenar,INACTIVO,-28.5518408108952,-70.7623375316259,26.8,333.2,1,1,1,1
0222-3N,DESCONOCIDO,Atacama,Diego de Almagro,ABANDONADO,-26.7556322914078,-69.9083797805524,196.2,40923.0,1,1,0,0
0223-3N,TRANQUE DE RELAVE,Atacama,Diego de Almagro,INACTIVO,-26.7559882846674,-69.9121359587699,107.7,40843.7,1,1,0,0
0224-3N,OMEGA 1,Atacama,Diego de Almagro,ABANDONADO,-26.7489834703044,-69.9133542860007,320.0,40069.9,1,1,0,0
0225-3N,OMEGA 2,Atacama,Diego de Almagro,ABANDONADO,-26.7490153316048,-69.9140410618866,266.9,40052.1,1,1,0,0
0226-3N,OMEGA 3,Atacama,Diego de Almagro,ABANDONADO,-26.7489407945599,-69.9137291349493,295.5,40053.9,1,1,0,0
0227-3N,RIOSAL 1-2-3-4-5-6,Atacama,Diego de Almagro,ABANDONADO,-26.3974742335047,-70.0651902365479,48.9,197.4,1,1,1,1
0228-3N,EMBALSE DE RELAVE,Atacama,Diego de Almagro,ABANDONADO,-26.3974158529216,-70.0684927942818,55.4,490.2,1,1,1,1
0229-3N,CASTELLON,Atacama,Copiapó,ABANDONADO,-27.3864764269324,-70.3361343959362,70.9,303.6,1,1,1,1
0230-3N,FLORENCIA 1,Atacama,Copiapó,ABANDONADO,-27.40544884994,-70.3505476488199,252.9,355.5,1,1,1,1
0231-3N,FLORENCIA 2,Atacama,Copiapó,ABANDONADO,-27.4055799027869,-70.3515230417405,315.1,400.2,1,1,1,1
0232-3N,LA PEPA 1,Atacama,Tierra Amarilla,INACTIVO,-27.2603129842403,-69.2905169398635,246.0,,1,1,0,0
0233-3N,LA PEPA 2,Atacama,Tierra Amarilla,INACTIVO,-27.2577450152211,-69.2917671905186,343.2,,1,1,0,0
0234-3N,SAN ESTEBAN 1,Atacama,Copiapó,INACTIVO,-27.394974320893,-70.3123824167464,72.0,195.3,1,1,1,1
0235-3N,SAN ESTEBAN 2A,Atacama,Copiapó,INACTIVO,-27.3956044677313,-70.3128806926648,11.2,111.7,1,1,1,1
0236-3N,SAN ESTEBAN 2B,Atacama,Copiapó,INACTIVO,-27.3963127038261,-70.3135392124893,111.9,21.9,1,1,1,1
0237-3N,PEDRO AGUIRRE CERDA 1,Atacama,Tierra Amarilla,ABANDONADO,-27.4954881890139,-70.2594642569088,862.8,408.5,1,1,1,1
0238-3N,PEDRO AGUIRRE CERDA 2,Atacama,Tierra Amarilla,ABANDONADO,-27.4956674913462,-70.260413231021,779.7,335.7,1,1,1,1
0239-3N,PEDRO AGUIRRE CERDA 3,Atacama,Tierra Amarilla,ABANDONADO,-27.4971115254163,-70.2599361630732,708.5,388.4,1,1,1,1
0240-3N,PEDRO AGUIRRE CERDA 4-6,Atacama,Tierra Amarilla,ABANDONADO,-27.490834550226,-70.2616907312116,768.0,381.4,1,1,1,1
0241-3N,PEDRO AGUIRRE CERDA 5,Atacama,Tierra Amarilla,ABANDONADO,-27.4945954360945,-70.2611001411934,755.4,319.2,1,1,1,1
0242-3N,GOLD SILVER,Atacama,Diego de Almagro,INACTIVO,-26.7542039971053,-69.9086644205236,280.8,40764.3,1,1,0,0
0243-3N,AMOLANAS,Atacama,Tierra Amarilla,ABANDONADO,-28.0070212511104,-70.014675458992,9.1,4058.7,1,1,0,1
0244-3N,ELISA DE BORDOS 3,Atacama,Tierra Amarilla,ACTIVO,-27.7231595492638,-70.1883614090104,531.0,13875.7,1,1,0,0
0245-3N,LAS BOMBAS 1,Atacama,Chañaral,ABANDONADO,-26.0335435524175,-70.4342851955522,254.1,36125.6,1,1,0,0
0246-3N,LAS BOMBAS 2,Atacama,Chañaral,ABANDONADO,-26.0340056187757,-70.4351953487584,220.8,36037.5,1,1,0,0
0247-3N,LAS BOMBAS 3,Atacama,Chañaral,ABANDONADO,-26.0338479225736,-70.4356077188839,178.5,36033.4,1,1,0,0
0248-3N,TRANQUE DE RELAVE ,Atacama,Freirina,ABANDONADO,-28.5169397961545,-71.0478084911477,418.1,450.5,1,1,1,1
0249-3N,CHARLOTTE 2,Atacama,Vallenar,ABANDONADO,-28.5349394328992,-70.7411702219184,868.7,665.4,1,1,1,1
0250-3N,RELAVE EL DONKEY,Atacama,Vallenar,ACTIVO,-28.168105115727,-70.5999070892084,207.1,4513.4,1,1,0,1
0251-3N,TRANQUE DE RELAVE,Atacama,Vallenar,ACTIVO,-28.0610556749333,-70.6918584623293,390.1,10768.4,1,1,0,0
0252-3N,TRANQUE DE RELAVE,Atacama,Copiapó,ABANDONADO,-27.4076796173698,-70.6430097756369,1177.6,3132.7,0,1,0,1
0253-3N,TRANQUE DE RELAVE,Atacama,Copiapó,ABANDONADO,-27.3553069272613,-70.3539262184594,182.2,167.7,1,1,1,1
0254-3N,EMBALSE DE RELAVE,Atacama,Copiapó,ACTIVO,-27.4068067897671,-70.3550066838648,399.2,249.2,1,1,1,1
0255-3N,RELAVE 1,Atacama,Copiapó,INACTIVO,-27.4061491981435,-70.3529262728301,376.6,300.9,1,1,1,1
0256-3N,CACHIYUYO1-2,Atacama,Vallenar,ABANDONADO,-29.0476452040961,-70.8877668647341,176.8,1406.9,1,1,0,1
0257-3N,TRANQUE DE RELAVE,Atacama,Copiapó,ABANDONADO,-27.3919186526301,-70.342904361336,379.7,603.7,1,1,1,1
0258-3N,DEPOSITO RELAVE FILTRADO,Atacama,Diego de Almagro,ACTIVO,-26.3580868173329,-70.0108882013595,1179.1,3830.6,0,1,0,1
0259-3N,SANTO DOMINGO,Atacama,Diego de Almagro,EN CONSTRUCCION,-26.4616348478085,-69.9748548190719,1181.5,8963.4,0,1,0,0
0260-3N,SALARES NORTE,Atacama,Diego de Almagro,ACTIVO,-26.0164379948156,-68.8768118255196,1516.5,,0,1,0,0
0261-3N,VICTORIA,Atacama,Copiapó,ABANDONADO,-27.3735740918569,-70.3341320488817,260.8,448.3,1,1,1,1
0262-3N,DEPOSITO DE RELAVES PAPAPIETRO SECTOR VIÑITA BLANCA,Atacama,Copiapó,ABANDONADO,-27.4187174730737,-70.2941596664837,334.8,402.3,1,1,1,1
0263-3N,PAPAPIETRO,Atacama,Copiapó,ABANDONADO,-27.3811280344225,-70.3274528178917,36.5,339.1,1,1,1,1
0264-1N,TRANQUE,Tarapacá,Pozo Almonte,ABANDONADO,-20.6128458496183,-69.687827010817,2572.2,12200.9,0,1,0,0
0265-1N,DEPOSITO SUR,Tarapacá,Pozo Almonte,ABANDONADO,-20.6100545256297,-69.6892705823372,2263.6,12399.8,0,1,0,0
0266-4N,EL PINGO ,Coquimbo,Monte Patria,EN CONSTRUCCION,-30.840660748354,-70.5826488064849,133.7,11788.3,1,1,0,0
0267-4N,RELAVES ANTIGUOS,Coquimbo,Monte Patria,ABANDONADO,-30.8421698513428,-70.5818336042211,55.8,11891.2,1,1,0,0
0268-4N,SAN MIGUEL 1 (EX-ANDACOLLO 1),Coquimbo,Andacollo,ABANDONADO,-30.2340291751849,-71.0657366406582,1228.8,746.5,0,1,1,1
0269-4N,SAN MIGUEL 2 (EX-ANDACOLLO 2),Coquimbo,Andacollo,ABANDONADO,-30.2331670666949,-71.0674695117601,1133.4,594.9,0,1,1,1
0270-4N,SAN MIGUEL 3 (EX-ANDACOLLO 3),Coquimbo,Andacollo,ABANDONADO,-30.2339412083055,-71.0673525396641,1219.0,632.6,0,1,1,1
0271-4N,SAN MIGUEL 4 (EX-ANDACOLLO 4),Coquimbo,Andacollo,ABANDONADO,-30.2326608273545,-71.0670529387529,1077.5,591.5,0,1,1,1
0272-4N,SAN MIGUEL 5 (EX-ANDACOLLO 5),Coquimbo,Andacollo,ABANDONADO,-30.2333323510323,-71.0664423808218,1151.7,682.8,0,1,1,1
0273-4N,SAN MIGUEL 6 (EX-ANDACOLLO 6),Coquimbo,Andacollo,ABANDONADO,-30.233096476582,-71.0656026636278,1125.6,734.4,0,1,1,1
0274-4N,PUNITAQUI 1,Coquimbo,Punitaqui,ABANDONADO,-30.8399024472789,-71.2494660470642,648.4,316.4,1,1,1,1
0275-4N,PUNITAQUI 2,Coquimbo,Punitaqui,ABANDONADO,-30.8397407492329,-71.2497868763938,617.7,327.8,1,1,1,1
0276-4N,RELAVE TRIUNFO,Coquimbo,Punitaqui,ABANDONADO,-30.8245562776117,-71.0728959556377,117.1,7785.6,1,1,0,0
0277-4N,RELAVE PUNITAQUI 1-2,Coquimbo,Punitaqui,ABANDONADO,-30.8485124801747,-71.2531030930312,184.5,333.9,1,1,1,1
0278-4N,CAMILA 1-2 ,Coquimbo,Punitaqui,ABANDONADO,-30.8628346298789,-71.247789935443,12.1,68.1,1,1,1,1
0279-4N,HERNANDEZ 1,Coquimbo,Illapel,ABANDONADO,-31.6068280439559,-71.1283974644705,352.9,313.5,1,1,1,1
0280-4N,HERNANDEZ 2,Coquimbo,Illapel,ABANDONADO,-31.6071654726364,-71.1279775847154,298.4,367.4,1,1,1,1
0281-4N,EL INDIO,Coquimbo,Vicuña,ABANDONADO,-29.7840878068225,-69.9884294677447,12.7,39283.0,1,1,0,0
0282-4N,PASTOS LARGOS,Coquimbo,Vicuña,INACTIVO,-29.7942603891366,-70.0005058431054,151.9,37944.4,1,1,0,0
0283-4N,DESCONOCIDO,Coquimbo,Andacollo,ABANDONADO,-30.2346908883472,-71.0890854652413,352.9,358.1,1,1,1,1
0284-4N,LOS LEONES 1,Coquimbo,Andacollo,ABANDONADO,-30.2265624214993,-71.0539368042053,96.7,1777.1,1,1,0,1
0285-4N,LOS LEONES 2,Coquimbo,Andacollo,ABANDONADO,-30.2276314609015,-71.0542292913045,195.5,1730.8,1,1,0,1
0286-4N,RELAVES ANTIGUOS,Coquimbo,Andacollo,ABANDONADO,-30.2258225633631,-71.0539676890183,45.3,1791.4,1,1,0,1
0287-4N,SILVA,Coquimbo,Andacollo,ABANDONADO,-30.2253785693521,-71.0877206434071,593.3,467.2,1,1,1,1
0288-4N,PALMIRA 1,Coquimbo,Andacollo,INACTIVO,-30.2249495364842,-71.081484322314,171.9,421.8,1,1,1,1
0289-4N,PALMIRA 2,Coquimbo,Andacollo,INACTIVO,-30.2254149777618,-71.0822044207142,190.3,491.6,1,1,1,1
0290-4N,ACOPIO DE RELAVES PALMIRA,Coquimbo,Andacollo,INACTIVO,-30.2241561765959,-71.0810175515202,195.6,326.5,1,1,1,1
0291-4N,SAN JUAN ,Coquimbo,Andacollo,ABANDONADO,-30.2418888168276,-71.0897628300775,418.0,449.9,1,1,1,1
0292-4N,IRENE 1,Coquimbo,Andacollo,ABANDONADO,-30.2264409968365,-71.0705619690342,389.7,377.0,1,1,1,1
0293-4N,IRENE 2,Coquimbo,Andacollo,ABANDONADO,-30.2267030615482,-71.0714109926598,418.7,324.9,1,1,1,1
0294-4N,IRENE 3,Coquimbo,Andacollo,ABANDONADO,-30.2268101962865,-71.0707163160616,430.5,333.6,1,1,1,1
0295-4N,LOS LITRES 1-2,Coquimbo,Andacollo,ABANDONADO,-30.2203921386662,-71.099135797668,1783.6,1003.5,0,1,0,1
0296-4N,PUNTA CALETONES 1,Coquimbo,Andacollo,ABANDONADO,-30.2229477826596,-71.0742690413357,3.4,620.4,1,1,1,1
0297-4N,PUNTA CALETONES 2,Coquimbo,Andacollo,ABANDONADO,-30.2228201699779,-71.0755241673359,10.7,501.6,1,1,1,1
0298-4N,PUNTA CALETONES 3,Coquimbo,Andacollo,ABANDONADO,-30.2233737094112,-71.0759097993019,50.5,493.0,1,1,1,1
0299-4N,PUNTA CALETONES 4,Coquimbo,Andacollo,ABANDONADO,-30.2235275457061,-71.0752717807241,67.5,555.3,1,1,1,1
0300-4N,NUEVA ESPERANZA 1,Coquimbo,Andacollo,ABANDONADO,-30.2563537769262,-71.0756747175588,1359.1,496.2,0,1,1,1
0301-4N,NUEVA ESPERANZA 2A,Coquimbo,Andacollo,ABANDONADO,-30.2570559542966,-71.0767365943657,1275.9,447.2,0,1,1,1
0302-4N,NUEVA ESPERANZA 2B,Coquimbo,Andacollo,ABANDONADO,-30.2570835845823,-71.0774595762559,1209.6,396.6,0,1,1,1
0303-4N,ROSARIO 1,Coquimbo,Combarbalá,INACTIVO,-31.0957564642711,-70.9195116887587,401.8,2628.8,1,1,0,1
0304-4N,ROSARIO 2,Coquimbo,Combarbalá,INACTIVO,-31.0961863502714,-70.9197817439206,351.3,2602.5,1,1,0,1
0305-4N,TRANQUE EMERGENCIA,Coquimbo,Combarbalá,INACTIVO,-31.0967386642228,-70.9205885890307,253.1,2526.1,1,1,0,1
0306-4N,PRINCESA Y ANDRONICA 1,Coquimbo,Andacollo,ABANDONADO,-30.2217163217111,-71.1075505980583,2375.7,893.7,0,1,1,1
0307-4N,PRINCESA Y ANDRONICA 2,Coquimbo,Andacollo,ABANDONADO,-30.222081597471,-71.1078390024697,2383.2,861.6,0,1,1,1
0308-4N,PRINCESA Y ANDRONICA 3,Coquimbo,Andacollo,ABANDONADO,-30.2216643012698,-71.1082845168995,2441.7,918.0,0,1,1,1
0309-4N,PRINCESA Y ANDRONICA 4,Coquimbo,Andacollo,ABANDONADO,-30.2206563726231,-71.107957708046,2464.4,1016.9,0,1,0,1
0310-4N,PRINCESA Y ANDRONICA 5,Coquimbo,Andacollo,ABANDONADO,-30.2200620186642,-71.1078021599657,2483.4,1077.5,0,1,0,1
0311-4N,ACOPIO DE RELAVES WILSON AQUILES,Coquimbo,Coquimbo,INACTIVO,-30.1242379363609,-71.209456270195,172.9,721.3,1,1,1,1
0312-4N,DEPOSITO DE RELAVES FILTRADOS N° 2,Coquimbo,Coquimbo,EN CONSTRUCCION,-30.1242952848412,-71.2099138250433,159.9,691.6,1,1,1,1
0313-4N,RELAVE PLANTA BUFALO,Coquimbo,Andacollo,ABANDONADO,-30.2310749288432,-71.0568652914239,637.4,1472.9,1,1,0,1
0314-4N,RELAVE PLANTA MARY,Coquimbo,Andacollo,ABANDONADO,-30.2267711920666,-71.0834727441262,184.0,427.9,1,1,1,1
0315-4N,TRANQUE DE RELAVE ,Coquimbo,Andacollo,ABANDONADO,-30.2360556970269,-71.0840827209198,128.3,408.2,1,1,1,1
0316-4N,TRANQUE 1 (EX LA EXOTICA 1),Coquimbo,Andacollo,ABANDONADO,-30.2383302354606,-71.0947016061671,893.0,233.6,1,1,1,1
0317-4N,TRANQUE 2 (EX LA EXOTICA 2),Coquimbo,Andacollo,ABANDONADO,-30.2382938209822,-71.094217868479,846.4,278.7,1,1,1,1
0318-4N,MASTER 1 (EX YABU 1),Coquimbo,Combarbalá,INACTIVO,-31.1696269824613,-71.0130785178447,255.4,190.5,1,1,1,1
0319-4N,MASTER 2 (EX YABU 2),Coquimbo,Combarbalá,INACTIVO,-31.1689897215093,-71.0122148399092,147.1,289.5,1,1,1,1
0320-4N,ARIZONA 1,Coquimbo,Andacollo,ABANDONADO,-30.2249288682804,-71.0785233643927,41.5,445.7,1,1,1,1
0321-4N,ARIZONA 2,Coquimbo,Andacollo,ABANDONADO,-30.225252206299,-71.0781986553678,88.6,491.3,1,1,1,1
0322-4N,MONREAL 2,Coquimbo,Andacollo,ABANDONADO,-30.2311351975842,-71.0905578171162,494.6,244.3,1,1,1,1
0323-4N,TRANQUE DE RELAVE ,Coquimbo,Andacollo,ABANDONADO,-30.2257130791866,-71.0704360603375,309.2,456.3,1,1,1,1
0324-4N,LA BRILLANTE,Coquimbo,Andacollo,ABANDONADO,-30.2296391680174,-71.0497515643629,282.6,2147.9,1,1,0,1
0325-4N,TRANQUE DE RELAVE,Coquimbo,Andacollo,ABANDONADO,-30.1716520502019,-71.1057496415678,174.3,5723.0,1,1,0,0
0326-4N,JOHN KENNEDY 1,Coquimbo,Andacollo,ABANDONADO,-30.2243440936747,-71.0559328318346,80.6,1657.9,1,1,0,1
0327-4N,JOHN KENNEDY 2,Coquimbo,Andacollo,ABANDONADO,-30.2240259567703,-71.0563535587871,88.0,1633.0,1,1,0,1
0328-4N,MARTINEZ 1-2-3,Coquimbo,Andacollo,ABANDONADO,-30.2478952458368,-71.0837523977818,421.5,368.8,1,1,1,1
0329-4N,CENTRAL,Coquimbo,Andacollo,ABANDONADO,-30.2254760930882,-71.0767113682957,212.7,577.3,1,1,1,1
0330-4N,INDEY 1,Coquimbo,Andacollo,ABANDONADO,-30.2497287283209,-71.084543088116,484.7,552.7,1,1,1,1
0331-4N,INDEY 2,Coquimbo,Andacollo,ABANDONADO,-30.2498679476303,-71.0852994319481,411.9,519.8,1,1,1,1
0332-4N,INDEY 3,Coquimbo,Andacollo,ABANDONADO,-30.2506120414712,-71.0844176082392,496.7,583.8,1,1,1,1
0333-4N,INDEY 4,Coquimbo,Andacollo,ABANDONADO,-30.2504773764474,-71.0849424577344,446.3,583.2,1,1,1,1
0334-4N,JERALDO 1,Coquimbo,Andacollo,ABANDONADO,-30.2406240919976,-71.0892453834094,368.2,303.2,1,1,1,1
0335-4N,JERALDO 1-2,Coquimbo,Andacollo,ABANDONADO,-30.2332860897486,-71.0517866263157,685.9,1994.6,1,1,0,1
0336-4N,JERALDO 2,Coquimbo,Andacollo,ABANDONADO,-30.2411140173456,-71.0890446714343,348.9,354.7,1,1,1,1
0337-4N,JERALDO 3,Coquimbo,Andacollo,ABANDONADO,-30.2409515360449,-71.0895828749772,400.7,345.0,1,1,1,1
0338-4N,TRANQUE DE RELAVE,Coquimbo,Andacollo,ABANDONADO,-30.2273696163818,-71.0517632404547,31.7,1969.7,1,1,0,1
0339-4N,CARLOS V,Coquimbo,Andacollo,ABANDONADO,-30.2387317342007,-71.0949703109722,918.8,222.3,1,1,1,1
0340-4N,HILDA,Coquimbo,Andacollo,ELIMINADO,-30.210483042766,-71.1004782284656,2600.3,1640.2,0,1,0,1
0341-4N,EMA 1,Coquimbo,Andacollo,ABANDONADO,-30.2428482910091,-71.086389081553,93.5,439.3,1,1,1,1
0342-4N,EMA 2,Coquimbo,Andacollo,ABANDONADO,-30.2439152297825,-71.0862398974598,47.7,353.4,1,1,1,1
0343-4N,JERALDO 1-2-3 ,Coquimbo,Andacollo,ABANDONADO,-30.2414548980459,-71.0863344570991,88.3,455.0,1,1,1,1
0344-4N,DEPOSITO 1,Coquimbo,Andacollo,ABANDONADO,-30.2509259809036,-71.0813600739881,790.8,414.4,1,1,1,1
0345-4N,DEPOSITO 2,Coquimbo,Andacollo,ABANDONADO,-30.2507102400713,-71.0809492845992,829.2,431.3,1,1,1,1
0346-4N,DEPOSITO 3,Coquimbo,Andacollo,ABANDONADO,-30.2505818055621,-71.0804126553951,858.8,442.4,1,1,1,1
0347-4N,DEPOSITO 4,Coquimbo,Andacollo,ABANDONADO,-30.2509698522748,-71.0803916890298,883.9,399.5,1,1,1,1
0348-4N,DEPOSITO 5,Coquimbo,Andacollo,ABANDONADO,-30.2514374378673,-71.0811873109061,807.4,355.6,1,1,1,1
0349-4N,DEPOSITO 6,Coquimbo,Andacollo,ABANDONADO,-30.2521604710298,-71.0809515681185,830.0,272.8,1,1,1,1
0350-4N,DEPOSITO 7,Coquimbo,Andacollo,ABANDONADO,-30.2517503592728,-71.0807681646216,847.7,315.0,1,1,1,1
0351-4N,MIRAFLORES 1,Coquimbo,Andacollo,ABANDONADO,-30.2408250515417,-71.0882300951706,270.6,325.5,1,1,1,1
0352-4N,MIRAFLORES 2,Coquimbo,Andacollo,ABANDONADO,-30.2404048795709,-71.0889600727139,340.8,275.9,1,1,1,1
0353-4N,MIRAFLORES 3,Coquimbo,Andacollo,ABANDONADO,-30.2394916840716,-71.0891206114869,356.2,177.8,1,1,1,1
0354-4N,TRANQUE DE 1-2 ,Coquimbo,Andacollo,ELIMINADO,-30.230393518066,-71.083749471112,58.8,332.9,1,1,1,1
0355-4N,TRANQUE DE RELAVE,Coquimbo,Andacollo,ABANDONADO,-30.2289551009277,-71.051636458912,207.0,1967.8,1,1,0,1
0356-4N,CONCEPCION 1,Coquimbo,Andacollo,ABANDONADO,-30.2304859951753,-71.1163287034743,2974.4,1054.3,0,1,0,1
0357-4N,CONCEPCION 2,Coquimbo,Andacollo,ABANDONADO,-30.23031575516,-71.1158719159245,2931.1,1008.9,0,1,0,1
0358-4N,FLORA 1,Coquimbo,Andacollo,ABANDONADO,-30.2260543350716,-71.0865413199179,458.7,444.3,1,1,1,1
0359-4N,FLORA 2,Coquimbo,Andacollo,ABANDONADO,-30.2258825902137,-71.0872502038883,522.6,433.8,1,1,1,1
0360-4N,FLORA 3,Coquimbo,Andacollo,ABANDONADO,-30.2256349477867,-71.0882539184394,613.4,439.1,1,1,1,1
0361-4N,LOS VALIENTES 2,Coquimbo,Andacollo,ABANDONADO,-30.2401623627816,-71.0943584095376,859.9,361.0,1,1,1,1
0362-4N,TRANQUE 1-2,Coquimbo,Andacollo,ABANDONADO,-30.2487131174603,-71.1042429961059,1409.7,740.4,0,1,1,1
0363-4N,URQUIETA 1 ,Coquimbo,Andacollo,ABANDONADO,-30.2504717051208,-71.1069848431798,1673.4,1055.1,0,1,0,1
0364-4N,URQUIETA 2 ,Coquimbo,Andacollo,ABANDONADO,-30.2502749726656,-71.1061749563326,1595.5,981.1,0,1,1,1
0365-4N,TRANQUE DE RELAVE 1,Coquimbo,Coquimbo,INACTIVO,-30.2015700050606,-71.2452443032488,1058.9,377.2,0,1,1,1
0366-4N,TRANQUE DE RELAVE 2,Coquimbo,Coquimbo,INACTIVO,-30.1987763426627,-71.2447365282145,1107.7,359.2,0,1,1,1
0367-4N,TRANQUE DE RELAVE 3,Coquimbo,Coquimbo,INACTIVO,-30.2015581962963,-71.2438551870777,1192.5,456.4,0,1,1,1
0368-4N,TRANQUE DE RELAVE 4,Coquimbo,Coquimbo,INACTIVO,-30.2017277987108,-71.2408138258156,1274.7,373.0,0,1,1,1
0369-4N,AMPLIACION TRANQUE DE RELAVES 4,Coquimbo,Coquimbo,INACTIVO,-30.2015618405339,-71.2424225436802,1330.3,486.3,0,1,1,1
0370-4N,TRANQUE DE RELAVE 3A-4A,Coquimbo,Coquimbo,INACTIVO,-30.1998775581843,-71.2448975288862,1092.2,452.9,0,1,1,1
0371-4N,EMBALSE DE RELAVES,Coquimbo,Coquimbo,ACTIVO,-30.1981097378667,-71.2422169439782,1112.5,391.9,0,1,1,1
0372-4N,DEPOSITO FILTRADO,Coquimbo,Coquimbo,ACTIVO,-30.2036927784972,-71.2412952183093,1438.8,263.9,0,1,1,1
0373-RM,TRANQUE DE RELAVE,Metropolitana de Santiago,Alhué,ABANDONADO,-34.0300391330422,-70.9169083379692,44.7,5506.1,1,1,0,0
0374-7C,LAS PALMAS,Maule,Pencahue,INACTIVO,-35.1858402645356,-71.7587477624562,227.2,9823.2,1,1,0,0
0375-4N,DINA 1-2-3-4,Coquimbo,Coquimbo,ABANDONADO,-29.9626619718251,-71.3191474581559,110.8,284.5,1,1,1,1
0376-4N,SAN RAMON,Coquimbo,Coquimbo,ABANDONADO,-29.9862064813627,-71.2382233407997,867.0,195.8,1,1,1,1
0377-4N,DON MOISES 1,Coquimbo,La Higuera,ABANDONADO,-29.3732512761081,-71.0800733640413,414.0,5597.8,1,1,0,0
0378-4N,DON MOISES 2,Coquimbo,La Higuera,ABANDONADO,-29.3724508400083,-71.0804935939885,325.0,5566.0,1,1,0,0
0379-4N,ACOPIO DON MOISES,Coquimbo,La Higuera,ABANDONADO,-29.3728301308468,-71.0810914852033,309.1,5637.0,1,1,0,0
0380-4N,ELENA 1 ,Coquimbo,La Higuera,ABANDONADO,-29.3611376146083,-71.1194184450998,381.0,8237.0,1,1,0,0
0381-4N,ELENA 3 ,Coquimbo,La Higuera,ABANDONADO,-29.3606812399554,-71.1203899679592,431.5,8311.2,1,1,0,0
0382-4N,ELENA 2 ,Coquimbo,La Higuera,ABANDONADO,-29.3608331178283,-71.1199033614864,414.7,8271.3,1,1,0,0
0383-4N,TRANQUE DE RELAVES PLANTA BLANCA AURORA,Coquimbo,La Higuera,ACTIVO,-29.3714979511339,-71.1011380860683,181.7,7100.6,1,1,0,0
0384-4N,DEPOSITO 1,Coquimbo,La Higuera,ABANDONADO,-29.3556434829345,-71.1282328335788,264.3,8900.7,1,1,0,0
0385-4N,DEPOSITO 2,Coquimbo,La Higuera,ABANDONADO,-29.3555211391578,-71.1280102910198,289.4,8876.7,1,1,0,0
0386-4N,SANTA ROSA,Coquimbo,La Higuera,ABANDONADO,-29.3564512307577,-71.1286050492354,178.2,8955.9,1,1,0,0
0387-4N,SAN RAMON 1,Coquimbo,La Higuera,ABANDONADO,-29.3515245735506,-71.1337930827762,159.2,9344.0,1,1,0,0
0388-4N,SAN RAMON 2,Coquimbo,La Higuera,ABANDONADO,-29.3512181156606,-71.1343305736108,142.3,9390.1,1,1,0,0
0389-4N,AGUA GRANDE ,Coquimbo,La Higuera,ABANDONADO,-29.4942280145521,-71.0664511568737,170.9,17491.2,1,1,0,0
0390-4N,BLANQUITA ,Coquimbo,La Higuera,ABANDONADO,-29.511250188858,-71.2174701271648,92.2,13606.1,1,1,0,0
0391-4N,LA HIGUERA 1,Coquimbo,La Higuera,ABANDONADO,-29.5192244014862,-71.2293047177457,188.4,12320.0,1,1,0,0
0392-4N,LA HIGUERA 2,Coquimbo,La Higuera,ABANDONADO,-29.5182749991775,-71.2297372578027,146.5,12399.6,1,1,0,0
0393-4N,LA HIGUERA 3,Coquimbo,La Higuera,ABANDONADO,-29.5192382461255,-71.2298409274967,136.5,12297.8,1,1,0,0
0394-4N,LA HIGUERA 4,Coquimbo,La Higuera,ABANDONADO,-29.5202293537629,-71.229869756802,133.7,12196.2,1,1,0,0
0395-4N,LA HIGUERA 5,Coquimbo,La Higuera,ABANDONADO,-29.5169316392525,-71.2300297023398,118.2,12525.1,1,1,0,0
0396-4N,PUNTA COLORADA,Coquimbo,La Higuera,ABANDONADO,-29.3558116780721,-71.0176155076358,114.7,2849.6,1,1,0,1
0397-4N,SOR TERESA,Coquimbo,La Higuera,ABANDONADO,-29.3597133992431,-71.1212295618427,478.2,8357.4,1,1,0,0
0398-4N,SANTA DOMINGA,Coquimbo,La Higuera,ABANDONADO,-29.3424554328475,-71.1507722418321,127.2,10882.1,1,1,0,0
0399-4N,ALDO LETTURA,Coquimbo,La Higuera,INACTIVO,-29.3424908738814,-71.1477529060175,407.7,10589.6,1,1,0,0
0400-4N,DEPOSITO ALDO LETTURA,Coquimbo,La Higuera,INACTIVO,-29.3427732438602,-71.1495277589401,248.0,10763.1,1,1,0,0
0401-4N,LA PAJITA 4,Coquimbo,La Higuera,ABANDONADO,-29.5182042834495,-71.2159849698229,861.1,12991.6,1,1,0,0
0402-4N,DEPOSITO DE RELAVES EL TRAPICHE,Coquimbo,La Higuera,EN CONSTRUCCION,-29.3558396886803,-71.1243410941694,533.8,8537.8,1,1,0,0
0403-4N,SAN ALEJANDRO 1 (EX TRAPICHE 1),Coquimbo,La Higuera,INACTIVO,-29.3576519093983,-71.1237000744502,448.4,8526.2,1,1,0,0
0404-4N,LAS BREAS (ACOPIO),Coquimbo,La Higuera,ABANDONADO,-29.4663316480719,-70.6415423558841,193.3,41032.6,1,1,0,0
0405-4N,ACOPIO DE RELAVE 1-2 ,Coquimbo,La Higuera,ABANDONADO,-29.5080434962383,-71.1989159668922,827.5,14799.8,1,1,0,0
0406-4N,ALIAGA,Coquimbo,La Serena,ABANDONADO,-30.01559444298,-71.0365248400243,106.8,365.6,1,1,1,1
0407-4N,SAN CRISTOBAL 1,Coquimbo,La Serena,ABANDONADO,-30.0136119277158,-71.0378084762226,230.6,118.9,1,1,1,1
0408-4N,SAN CRISTOBAL 2,Coquimbo,La Serena,ABANDONADO,-30.0150713198815,-71.0379782431844,246.9,249.6,1,1,1,1
0409-4N,LAMBERT 1,Coquimbo,La Serena,ABANDONADO,-29.8464226477271,-71.1218269618299,295.5,31.3,1,1,1,1
0410-4N,LAMBERT 2,Coquimbo,La Serena,ABANDONADO,-29.8463506266857,-71.1225365477044,287.6,45.2,1,1,1,1
0411-4N,LAMBERT 3,Coquimbo,La Serena,ABANDONADO,-29.8461587841472,-71.1220090982858,266.3,12.3,1,1,1,1
0412-4N,SOCORRO 5,Coquimbo,Vicuña,INACTIVO,-29.8887058696874,-70.8966375259864,97.0,9747.6,1,1,0,0
0413-4N,SOCORRO 6,Coquimbo,Vicuña,INACTIVO,-29.8855529532616,-70.8938379192528,445.7,10187.9,1,1,0,0
0414-4N,HUMO CORRAL,Coquimbo,Vicuña,ACTIVO,-29.8940782634374,-70.9574787947389,118.6,6717.6,1,1,0,0
0415-4N,LA HIGUERA,Coquimbo,Vicuña,INACTIVO,-29.8886801680775,-70.8931902049567,99.9,9973.9,1,1,0,0
0416-4N,ROLEX 1,Coquimbo,La Serena,ABANDONADO,-29.9827562262381,-71.0645154971699,395.2,358.6,1,1,1,1
0417-4N,ROLEX 2,Coquimbo,La Serena,ABANDONADO,-29.9823106484402,-71.0640140156672,338.5,302.7,1,1,1,1
0418-4N,ITAMAR,Coquimbo,La Serena,ABANDONADO,-29.845152507901,-71.1238940100414,181.5,212.8,1,1,1,1
0419-4N,EL SAUCE,Coquimbo,La Serena,ABANDONADO,-30.0061887110236,-71.060315185113,1587.9,375.7,0,1,1,1
0420-4N,PAJONALES,Coquimbo,La Serena,INACTIVO,-29.9457501278595,-71.1326310960813,258.2,220.7,1,1,1,1
0421-4N,EMBALSE DE RELAVE LAXNAR,Coquimbo,La Higuera,ACTIVO,-29.4318383262772,-70.7365663899367,863.6,31083.9,1,1,0,0
0422-4N,LAS VACAS 1,Coquimbo,Los Vilos,INACTIVO,-31.867748410164,-71.3201181306847,350.0,15317.9,1,1,0,0
0423-4N,LAS VACAS 2,Coquimbo,Los Vilos,INACTIVO,-31.8680203287886,-71.3180441516029,380.0,15507.6,1,1,0,0
0424-4N,LAS VACAS SUR,Coquimbo,Los Vilos,ACTIVO,-31.8736746055468,-71.3205810857827,1005.3,15191.8,0,1,0,0
0425-4N,SAN MARTIN,Coquimbo,Combarbalá,ABANDONADO,-31.1694760357332,-71.0099656117493,80.3,410.3,1,1,1,1
0426-4N,SAN EMILIO,Coquimbo,Combarbalá,ABANDONADO,-31.1445660797153,-71.0506426046758,1458.6,4589.2,0,1,0,1
0427-4N,EL PARRAL,Coquimbo,Combarbalá,ABANDONADO,-31.1555325617916,-71.0171584293074,79.3,1768.0,1,1,0,1
0428-4N,DEPOSITO 1,Coquimbo,Combarbalá,ABANDONADO,-31.1429893412124,-71.0359038824898,281.0,3771.0,1,1,0,1
0429-4N,DEPOSITO 2,Coquimbo,Combarbalá,ABANDONADO,-31.1443753980807,-71.0365533407711,427.9,3681.1,1,1,0,1
0430-4N,DEPOSITO 3,Coquimbo,Combarbalá,ABANDONADO,-31.1435379470038,-71.0345268635543,221.2,3648.0,1,1,0,1
0431-4N,EL BRONCE ,Coquimbo,Combarbalá,ABANDONADO,-31.1130240492981,-71.1578098674692,302.4,228.4,1,1,1,1
0432-4N,QUILITAPIA,Coquimbo,Combarbalá,ABANDONADO,-31.1140829098858,-71.160836193102,5.8,306.2,1,1,1,1
0433-4N,CALIFORNIA 0,Coquimbo,Illapel,ABANDONADO,-31.6342337180703,-71.1463130261195,99.3,413.7,1,1,1,1
0434-4N,CALIFORNIA 1,Coquimbo,Illapel,ABANDONADO,-31.6350049450122,-71.14637638443,159.4,328.8,1,1,1,1
0435-4N,CALIFORNIA 2A,Coquimbo,Illapel,ABANDONADO,-31.634983230121,-71.1466283971879,175.9,327.2,1,1,1,1
0436-4N,CALIFORNIA 2B,Coquimbo,Illapel,ABANDONADO,-31.6345120549606,-71.1467362397256,149.8,377.9,1,1,1,1
0437-4N,VALENCIA,Coquimbo,Monte Patria,ABANDONADO,-30.8102101982355,-70.5634608667288,2025.5,10729.8,0,1,0,0
0438-4N,TRANQUE 1,Coquimbo,Ovalle,INACTIVO,-30.8998438855622,-71.6740239964328,1738.2,4977.3,0,1,0,1
0439-4N,TRANQUE 2,Coquimbo,Ovalle,INACTIVO,-30.8996195801333,-71.6750624639413,1678.0,5074.3,0,1,0,0
0440-4N,TRANQUE 3,Coquimbo,Ovalle,INACTIVO,-30.8998337589366,-71.6767697302586,1650.6,5238.7,0,1,0,0
0441-4N,ACOPIO 5 (EX MONICA 1),Coquimbo,Ovalle,INACTIVO,-30.8975394689366,-71.6750014239397,1467.3,5056.9,0,1,0,0
0442-4N,MONICA 2,Coquimbo,Ovalle,INACTIVO,-30.8952251055981,-71.67220699458,1386.5,4789.4,0,1,0,1
0443-4N,EL HUILMO 1 (EX SALINAS 1),Coquimbo,Combarbalá,ABANDONADO,-30.8837515032732,-71.1483079868364,2119.5,7415.1,0,1,0,0
0444-4N,EL HUILMO 2 (EX SALINAS 2),Coquimbo,Combarbalá,ABANDONADO,-30.883734014088,-71.1480889478194,2117.6,7434.4,0,1,0,0
0445-4N,EX LA COLONIA 1,Coquimbo,Illapel,INACTIVO,-31.5873267602143,-71.1170659442476,41.2,321.2,1,1,1,1
0446-4N,EX LA COLONIA 2,Coquimbo,Illapel,ABANDONADO,-31.5878657507746,-71.1176439821352,44.0,369.3,1,1,1,1
0447-4N,TUNQUEN 4 (EX EL ALMENDRO 4),Coquimbo,Illapel,INACTIVO,-31.4678616236718,-71.0989727613973,12.1,13348.9,1,1,0,0
0448-4N,TUNQUEN 5 (EX EL ALMENDRO 5),Coquimbo,Illapel,INACTIVO,-31.4691582625442,-71.0987511212968,79.2,13208.5,1,1,0,0
0449-4N,TUNQUEN,Coquimbo,Illapel,ACTIVO,-31.4791671185706,-71.0905468446181,247.8,12151.9,1,1,0,0
0450-4N,EMBALSE SEGURA,Coquimbo,Combarbalá,ACTIVO,-30.8982264962964,-71.1707637186618,1196.4,6267.0,0,1,0,0
0451-4N,EL CISNE,Coquimbo,Punitaqui,ABANDONADO,-30.8598404538558,-71.2407468314799,343.7,390.0,1,1,1,1
0452-4N,TAMAYA (EX LOS MANTOS 1-2),Coquimbo,Punitaqui,INACTIVO,-30.8597861240937,-71.2328720235967,138.4,418.2,1,1,1,1
0453-4N,TAMAYA 2,Coquimbo,Ovalle,ABANDONADO,-30.5564503117776,-71.3698989946623,233.1,3077.1,1,1,0,1
0454-4N,TRANQUE 3 (EX TAMAYA 3),Coquimbo,Punitaqui,ACTIVO,-30.8585382134321,-71.2261979026494,253.0,588.1,1,1,1,1
0455-4N,DEPOSITO ESPESADO,Coquimbo,Punitaqui,ACTIVO,-30.8630037395759,-71.2270524556113,746.8,321.6,1,1,1,1
0456-4N,LAS PALMAS ,Coquimbo,Río Hurtado,ABANDONADO,-30.3965229612313,-70.8677171704086,300.9,420.3,1,1,1,1
0457-4N,ATELCURA,Coquimbo,Canela,ABANDONADO,-31.5699956178062,-71.3306821896204,598.5,13913.0,1,1,0,0
0458-4N,ESPERANZA 0,Coquimbo,Illapel,ABANDONADO,-31.3960795598495,-71.0557621052843,2364.7,21268.8,0,1,0,0
0459-4N,ESPERANZA 1,Coquimbo,Illapel,ABANDONADO,-31.3968639331402,-71.0558317748304,2279.5,21181.8,0,1,0,0
0460-4N,ESPERANZA 2,Coquimbo,Illapel,ABANDONADO,-31.405988414665,-71.0615514458447,1184.2,20141.4,0,1,0,0
0461-4N,ESPERANZA DOS,Coquimbo,Illapel,ABANDONADO,-31.6367347523024,-71.1684891776128,186.2,364.8,1,1,1,1
0462-4N,DEPOSITO ,Coquimbo,Illapel,ABANDONADO,-31.4005802291897,-71.060347623183,1790.5,20744.5,0,1,0,0
0463-4N,ANTA COLLA 1,Coquimbo,Illapel,ABANDONADO,-31.620733145284,-71.1426455168736,77.7,373.7,1,1,1,1
0464-4N,ANTA COLLA 2,Coquimbo,Illapel,ABANDONADO,-31.6200277741636,-71.1430007306059,154.0,409.9,1,1,1,1
0465-4N,ASIENTO VIEJO 1,Coquimbo,Illapel,ABANDONADO,-31.6030273326187,-71.1240330915261,371.7,252.5,1,1,1,1
0466-4N,ASIENTO VIEJO 2,Coquimbo,Illapel,ABANDONADO,-31.6026170640992,-71.1243168361992,423.1,303.5,1,1,1,1
0467-4N,ASIENTO VIEJO 3,Coquimbo,Illapel,ABANDONADO,-31.6018998233057,-71.1245972153464,506.7,380.6,1,1,1,1
0468-4N,PORTEZUELO 1,Coquimbo,Illapel,INACTIVO,-31.5979106386525,-71.1256820779676,400.3,387.5,1,1,1,1
0469-4N,AUCO,Coquimbo,Illapel,ABANDONADO,-31.5706139018773,-71.1018130646897,25.6,2223.1,1,1,0,1
0470-4N,DON ROBERTO (EX FARELLON SANCHEZ 1-2),Coquimbo,Illapel,INACTIVO,-31.4512135389771,-71.0226239162731,41.6,15828.7,1,1,0,0
0471-4N,LETICIA 1,Coquimbo,Illapel,INACTIVO,-31.4533093713374,-71.0227830717496,98.0,15603.0,1,1,0,0
0472-4N,LETICIA 2,Coquimbo,Illapel,ABANDONADO,-31.4544104534914,-71.0232204742249,145.8,15474.3,1,1,0,0
0473-4N,ANA MARIA 1,Coquimbo,Illapel,ABANDONADO,-31.4309337092658,-71.0122294929752,107.8,18265.5,1,1,0,0
0474-4N,ANA MARIA 2,Coquimbo,Illapel,ABANDONADO,-31.4271899459058,-71.0145665241342,6.5,18593.0,1,1,0,0
0475-4N,LA FORTUNA 1,Coquimbo,Illapel,INACTIVO,-31.4103432214273,-71.0845673925159,1162.7,19670.8,0,1,0,0
0476-4N,LA FORTUNA 2,Coquimbo,Illapel,INACTIVO,-31.4108578031378,-71.0844759718316,1106.6,19613.4,0,1,0,0
0477-4N,LA FORTUNA 3,Coquimbo,Illapel,INACTIVO,-31.4113948267345,-71.0846709882295,1046.1,19555.3,0,1,0,0
0478-4N,EMBALSE FORTUNA,Coquimbo,Illapel,ACTIVO,-31.4097159512615,-71.0844341078017,1232.8,19739.2,0,1,0,0
0479-4N,KATTIA 1,Coquimbo,Illapel,INACTIVO,-31.3740846755342,-71.0704020072745,3407.1,21091.4,0,1,0,0
0480-4N,KATTIA 2,Coquimbo,Illapel,INACTIVO,-31.3727678436614,-71.0709758147755,3352.6,20961.4,0,1,0,0
0481-4N,KATTIA 3,Coquimbo,Illapel,ABANDONADO,-31.3734971741557,-71.0686265839895,3575.9,20991.8,0,1,0,0
0482-4N,SAN ALBERTO 3,Coquimbo,Canela,ABANDONADO,-31.2316074680286,-71.5832970353635,39.5,2981.5,1,1,0,1
0483-4N,LOS CANELOS ANTIGUO,Coquimbo,Illapel,ABANDONADO,-31.3631686702092,-71.1018398783296,570.4,20808.6,1,1,0,0
0484-4N,LOS CANELOS 2,Coquimbo,Illapel,ABANDONADO,-31.3638792320878,-71.1023732676211,480.4,20900.2,1,1,0,0
0485-4N,LOS CANELOS 3,Coquimbo,Illapel,ABANDONADO,-31.3625840409264,-71.1009464594672,676.7,20717.5,1,1,0,0
0486-4N,LOS GLADIADORES,Coquimbo,Los Vilos,INACTIVO,-31.9383773806045,-71.1303345181628,451.6,1256.0,1,1,0,1
0487-4N,MARCIAL GARCIA,Coquimbo,Los Vilos,INACTIVO,-31.9373794166265,-71.1287922383402,634.1,1276.0,1,1,0,1
0488-4N,EL CHINCHE,Coquimbo,Salamanca,INACTIVO,-31.8438172042922,-70.5917917175459,734.8,2093.8,1,1,0,1
0489-4N,LOS QUILLAYES,Coquimbo,Salamanca,ACTIVO,-31.8451817233857,-70.6055351842932,145.2,785.7,1,1,1,1
0490-4N,EL MAURO,Coquimbo,Los Vilos,ACTIVO,-31.9652762867716,-71.0228272753702,8.4,11637.5,1,1,0,0
0491-4N,TRINCHERA,Coquimbo,Salamanca,ABANDONADO,-31.7438841601898,-70.9382386594522,475.6,3139.6,1,1,0,1
0492-4N,SAN ELISEO 1,Coquimbo,Salamanca,ABANDONADO,-31.7798068232038,-70.9849535524453,229.1,360.1,1,1,1,1
0493-4N,SAN ELISEO 2,Coquimbo,Salamanca,ABANDONADO,-31.7796499128905,-70.9844559354044,253.6,382.3,1,1,1,1
0494-4N,SANTO DOMINGO 1-2,Coquimbo,Salamanca,ABANDONADO,-31.7768883381504,-70.9808585064773,42.2,300.9,1,1,1,1
0495-4N,EL ARENAL,Coquimbo,Salamanca,ABANDONADO,-31.9780643614014,-70.9159821298375,132.1,15856.5,1,1,0,0
0496-4N,MERINO,Coquimbo,Salamanca,ABANDONADO,-31.9757600883601,-70.9158991252346,124.2,15605.9,1,1,0,0
0497-4N,NUEVA MOLLAQUITA,Coquimbo,La Serena,ABANDONADO,-30.0741720979838,-71.1222422134126,3824.6,9537.3,0,1,0,0
0498-4N,CHINGOLES 1,Coquimbo,La Higuera,ABANDONADO,-29.4508304069358,-70.7521615099459,85.6,30457.1,1,1,0,0
0499-4N,CHINGOLES 2,Coquimbo,La Higuera,ABANDONADO,-29.4506862159818,-70.7509466802721,154.5,30558.1,1,1,0,0
0500-4N,LOS PINGOS 1,Coquimbo,Monte Patria,INACTIVO,-30.9481111934828,-70.4961668566006,441.6,22495.6,1,1,0,0
0501-RM,EMBALSE DE RELAVES,Metropolitana de Santiago,Lampa,INACTIVO,-33.2565303312594,-70.8355817697864,791.7,365.1,1,1,1,1
0502-RM,TRANQUE DE RELAVE 1-PRISMA DE SEGURIDAD-CIERRE MEJORADO,Metropolitana de Santiago,Lampa,INACTIVO,-33.2557711096742,-70.8388139148904,1093.3,131.5,0,1,1,1
0503-RM,TRANQUE DE RELAVE 2,Metropolitana de Santiago,Lampa,INACTIVO,-33.2559125040689,-70.836445250336,872.3,260.1,1,1,1,1
0504-4N,SAN MIGUEL,Coquimbo,Monte Patria,ABANDONADO,-30.8204146328578,-70.596815780978,40.8,9185.4,1,1,0,0
0505-4N,TESORO 1-2-3,Coquimbo,La Higuera,INACTIVO,-29.3620277658685,-71.0661699167917,282.6,3766.3,1,1,0,1
0506-4N,TESORO 4,Coquimbo,La Higuera,ACTIVO,-29.362243539189,-71.0646128100083,258.7,3678.6,1,1,0,1
0507-4N,TESORO ,Coquimbo,La Higuera,EN CONSTRUCCION,-29.3570360855017,-71.0640870510985,325.0,3242.4,1,1,0,1
0508-4N,TRANQUE DE RELAVE,Coquimbo,Coquimbo,ABANDONADO,-30.2004044611726,-71.2135399614905,500.0,941.6,1,1,1,1
0509-4N,TRANQUE DE RELAVES PLANTA SAN LUIS,Coquimbo,La Serena,ACTIVO,-30.0281164805969,-71.036325351347,87.6,1696.9,1,1,0,1
0510-4N,SAN LUIS,Coquimbo,La Serena,INACTIVO,-30.0288923415785,-71.0364339854896,98.0,1780.6,1,1,0,1
0511-4N,SANTA TERESITA 1,Coquimbo,Andacollo,INACTIVO,-30.2277514033017,-71.0643075635256,534.6,774.8,1,1,1,1
0512-4N,SANTA TERESITA 2,Coquimbo,Andacollo,ACTIVO,-30.2272685765562,-71.0651721081459,481.2,712.3,1,1,1,1
0513-4N,VICTORIA 1,Coquimbo,Andacollo,ABANDONADO,-30.22896684446,-71.0725474213581,669.0,81.5,1,1,1,1
0514-4N,VICTORIA 2,Coquimbo,Andacollo,ABANDONADO,-30.2283526573742,-71.0720290860493,601.1,136.1,1,1,1,1
0515-4N,HUANA 1,Coquimbo,Monte Patria,ABANDONADO,-30.7086035338855,-70.953680433665,721.0,474.6,1,1,1,1
0516-4N,HUANA 2,Coquimbo,Monte Patria,ABANDONADO,-30.7101747052887,-70.9529800471837,894.7,660.8,1,1,1,1
0517-4N,EL ALGARROBO,Coquimbo,Río Hurtado,ABANDONADO,-30.4521811459203,-70.9958958512977,139.4,6994.6,1,1,0,0
0518-4N,SANTA TERESA ,Coquimbo,Illapel,INACTIVO,-31.3727586169867,-71.0670294089743,3727.7,20880.4,0,1,0,0
0519-4N,SANTA TERESA 2,Coquimbo,Illapel,ACTIVO,-31.3736677593139,-71.067133746111,3717.8,20980.8,0,1,0,0
0520-4N,PLUMA DE ORO,Coquimbo,Illapel,ABANDONADO,-31.6392397984173,-71.1716638364352,234.4,151.6,1,1,1,1
0521-4N,DOS ESPINOS 1-2,Coquimbo,La Higuera,ABANDONADO,-29.4439896109927,-70.7887767570886,26.5,26922.0,1,1,0,0
0522-4N,PONCE ,Coquimbo,Andacollo,ACTIVO,-30.2508916967191,-71.0767734376607,1145.4,537.9,0,1,1,1
0523-4N,PONCE 1,Coquimbo,Andacollo,INACTIVO,-30.2511135039795,-71.0779796786604,1073.9,449.5,0,1,1,1
0524-4N,PONCE 2,Coquimbo,Andacollo,INACTIVO,-30.2517124037785,-71.0778973957622,1123.4,399.3,0,1,1,1
0525-4N,PONCE 3,Coquimbo,Andacollo,INACTIVO,-30.2519428965439,-71.0778035502767,1132.7,385.2,0,1,1,1
0526-4N,PONCE 4,Coquimbo,Andacollo,INACTIVO,-30.2514325624775,-71.0780018170976,1095.5,418.6,0,1,1,1
0527-4N,PONCE 5,Coquimbo,Andacollo,INACTIVO,-30.2514023405226,-71.077292580177,1144.7,462.5,0,1,1,1
0528-4N,PONCE 6,Coquimbo,Andacollo,INACTIVO,-30.2508622322471,-71.0776422614553,1080.2,490.3,0,1,1,1
0529-4N,TRANQUE MARIANITA,Coquimbo,Vicuña,INACTIVO,-30.0011380123273,-71.0019492755252,78.4,506.8,1,1,1,1
0530-4N,EMBALSE MARIANITA,Coquimbo,Vicuña,INACTIVO,-30.0005614479761,-71.0017487280838,134.9,568.1,1,1,1,1
0531-4N,HORIZONTE 1,Coquimbo,Illapel,INACTIVO,-31.4592347369766,-71.0474217834903,130.7,14420.3,1,1,0,0
0532-4N,HORIZONTE 2,Coquimbo,Illapel,INACTIVO,-31.4590808865155,-71.0480217316435,147.7,14427.9,1,1,0,0
0533-4N,TRANQUE DE RELAVE,Coquimbo,Illapel,INACTIVO,-31.4590796728783,-71.0486854458499,147.8,14418.2,1,1,0,0
0534-4N,RELAVES 1,Coquimbo,Illapel,ABANDONADO,-31.4734602404959,-71.0976664362714,23.8,12747.7,1,1,0,0
0535-4N,RELAVES 2,Coquimbo,Illapel,ABANDONADO,-31.4745805355367,-71.0975590532243,34.0,12625.9,1,1,0,0
0536-4N,RELAVES 3,Coquimbo,Illapel,ABANDONADO,-31.4755038751314,-71.0969852488447,88.4,12531.4,1,1,0,0
0537-4N,TRANQUE DE RELAVES 1,Coquimbo,Illapel,ACTIVO,-31.5683568531132,-71.1009006581739,120.3,2482.5,1,1,0,1
0538-4N,TRANQUE DE RELAVES 2,Coquimbo,Illapel,INACTIVO,-31.5675164824987,-71.1008475709813,177.8,2566.3,1,1,0,1
0539-4N,TRANQUE DE RELAVE 1,Coquimbo,Illapel,ABANDONADO,-31.6327020596531,-71.1612256536917,253.6,419.7,1,1,1,1
0540-4N,TRANQUE DE RELAVE 2,Coquimbo,Illapel,ABANDONADO,-31.6331267823884,-71.1614210714413,237.1,449.7,1,1,1,1
0541-4N,TRANQUE DE RELAVE 3,Coquimbo,Illapel,ABANDONADO,-31.633413948528,-71.1618869351648,221.4,458.9,1,1,1,1
0542-4N,SAN JORGE 1-2-3,Coquimbo,Illapel,ABANDONADO,-31.633681109891,-71.1625849668113,191.9,466.4,1,1,1,1
0543-4N,PUENTE NEGRO,Coquimbo,Illapel,ABANDONADO,-31.6933130133288,-71.2678283710498,202.0,3113.1,1,1,0,1
0544-4N,EL CANELILLO,Coquimbo,Illapel,INACTIVO,-31.4130094199681,-71.0842187657463,872.6,19374.5,1,1,0,0
0545-4N,TAMBO DE ORO,Coquimbo,Punitaqui,ACTIVO,-30.8539349455484,-71.2236582524426,256.0,166.7,1,1,1,1
0546-4N,EMBALSE RELAVE PLANTA LOS MANTOS,Coquimbo,Illapel,EN CONSTRUCCION,-31.7228543884503,-71.1275145067199,829.9,544.0,1,1,1,1
0547-4N,EL ROMERO 1,Coquimbo,Illapel,INACTIVO,-31.4165144377272,-71.0587521597522,356.4,18994.9,1,1,0,0
0548-4N,EL ROMERO 2,Coquimbo,Illapel,ACTIVO,-31.4176177587781,-71.059455945668,307.7,18868.8,1,1,0,0
0549-4N,CANELA,Coquimbo,Canela,ACTIVO,-31.4068450378764,-71.4671414874741,141.5,407.9,1,1,1,1
0550-4N,TRANQUE DE RELAVE,Coquimbo,Punitaqui,INACTIVO,-30.8639538410874,-71.2449478200405,283.7,234.1,1,1,1,1
0551-4N,RELAVES BELLAVISTA,Coquimbo,Andacollo,ACTIVO,-30.2505577057294,-71.0819315097326,735.8,468.3,1,1,1,1
0552-4N,BELLAVISTA 1,Coquimbo,Andacollo,ABANDONADO,-30.2535227345557,-71.075617821605,1342.9,476.1,0,1,1,1
0553-4N,BELLAVISTA 2,Coquimbo,Andacollo,ABANDONADO,-30.2537133721196,-71.075781382062,1327.2,456.0,0,1,1,1
0554-4N,BELLAVISTA 3,Coquimbo,Andacollo,ABANDONADO,-30.2539303071092,-71.0759874146458,1307.4,432.0,0,1,1,1
0555-4N,BELLAVISTA 4,Coquimbo,Andacollo,ABANDONADO,-30.2532941907143,-71.0760459767533,1301.7,443.8,0,1,1,1
0556-4N,BELLAVISTA 5,Coquimbo,Andacollo,ABANDONADO,-30.2533747257765,-71.0766002004139,1248.4,390.5,0,1,1,1
0557-4N,SEGURA 1-2,Coquimbo,Combarbalá,ABANDONADO,-30.8986956754466,-71.1710279423549,1141.1,6279.8,0,1,0,0
0558-4N,TRANQUE DE RELAVE,Coquimbo,La Higuera,ABANDONADO,-29.3650951147543,-71.1144125479517,279.0,7931.9,1,1,0,0
0559-4N,ENRIQUETA,Coquimbo,La Higuera,ABANDONADO,-29.3632659638138,-71.1159308631886,301.7,7995.4,1,1,0,0
0560-4N,EMBALSE DE RELAVES ILLAPEL,Coquimbo,Illapel,ACTIVO,-31.5904197265117,-71.1171421153972,175.9,424.4,1,1,1,1
0561-4N,LOS CRISTALES DIVISADERO 1-2,Coquimbo,Punitaqui,ABANDONADO,-30.8589583118762,-71.1480658250346,14.3,7086.7,1,1,0,0
0562-4N,ILLAPEL ,Coquimbo,Illapel,INACTIVO,-31.4206733572947,-71.083339303593,198.1,18523.6,1,1,0,0
0563-4N,EMBALSE DE RELAVE,Coquimbo,La Higuera,ACTIVO,-29.3326450601845,-71.1469206735992,882.6,10503.2,1,1,0,0
0564-4N,MIRANDA,Coquimbo,Andacollo,INACTIVO,-30.2535039416594,-71.0789776375082,1019.8,182.7,0,1,1,1
0565-4N,EMBALSE MIRANDA,Coquimbo,Andacollo,INACTIVO,-30.2526302132542,-71.0788729400617,1029.9,262.0,0,1,1,1
0566-4N,PEJERREYES,Coquimbo,Ovalle,ABANDONADO,-30.3991743855485,-71.2539113461036,2244.0,9401.6,0,1,0,0
0567-4N,TRANQUE DE RELAVE 1,Coquimbo,Andacollo,ABANDONADO,-30.227330791314,-71.0589997628609,488.1,1282.8,1,1,0,1
0568-4N,TRANQUE DE RELAVE 2,Coquimbo,Andacollo,ABANDONADO,-30.228639530225,-71.058880699312,606.2,1274.1,1,1,0,1
0569-4N,DEPOSITO DE RELAVES ARQUEROS,Coquimbo,Vicuña,EN CONSTRUCCION,-29.8144453247831,-70.8791904087616,1410.8,17516.2,0,1,0,0
0570-4N,LAMAS 1,Coquimbo,La Serena,ACTIVO,-29.9808495808717,-71.0555236232398,473.9,140.4,1,1,1,1
0571-4N,LAMAS 2,Coquimbo,La Serena,ACTIVO,-29.9807552749616,-71.0529789839347,719.3,268.4,1,1,1,1
0572-4N,TRANQUE DE ARENAS 1-2,Coquimbo,La Serena,ACTIVO,-29.9809325192304,-71.0540120093139,618.6,201.5,1,1,1,1
0573-4N,LAMAS 3,Coquimbo,La Serena,ACTIVO,-29.9795198951931,-71.0541667669074,632.3,120.7,1,1,1,1
0574-4N,LAMAS SECAS,Coquimbo,La Serena,INACTIVO,-29.9816548682033,-71.0543872781285,581.4,249.7,1,1,1,1
0575-4N,PANULES,Coquimbo,Vicuña,ACTIVO,-29.8882669141745,-70.9233322737318,606.3,8305.9,1,1,0,0
0576-4N,DON ARTURO 1,Coquimbo,Vicuña,ABANDONADO,-29.8895105902895,-70.8861379475794,245.2,10386.6,1,1,0,0
0577-4N,DON ARTURO 2,Coquimbo,Vicuña,ABANDONADO,-29.8925219283045,-70.8902513022311,324.9,9869.5,1,1,0,0
0578-4N,TALCUNA 2,Coquimbo,Vicuña,INACTIVO,-29.8908010402974,-70.888875511785,151.0,10097.4,1,1,0,0
0579-4N,TALCUNA 3,Coquimbo,Vicuña,INACTIVO,-29.89170002904,-70.8931732293034,234.1,9733.6,1,1,0,0
0580-4N,TALCUNA 1-2-3,Coquimbo,Vicuña,ABANDONADO,-29.8845539333542,-70.8824783705101,150.9,11022.3,1,1,0,0
0581-4N,YENNY (EX TALCUNA 1-2),Coquimbo,Vicuña,INACTIVO,-29.8843792038028,-70.8672526336713,375.0,12124.6,1,1,0,0
0582-4N,LA REPRESA,Coquimbo,Vicuña,INACTIVO,-29.9723901774366,-70.9980944781613,1262.5,1063.5,0,1,0,1
0583-4N,LINDEROS (EX DON GUILLERMO),Coquimbo,Vicuña,INACTIVO,-29.9753381381549,-70.9951866637587,836.9,1092.4,1,1,0,1
0584-4N,DEPOSITO RELAVES FILTRADOS MARGARITA I,Coquimbo,Combarbalá,ACTIVO,-30.8825912623031,-71.148199618134,1991.2,7386.3,0,1,0,0
0585-4N,PONIENTE,Coquimbo,Illapel,INACTIVO,-31.6642821342306,-71.2527440058024,69.2,3096.7,1,1,0,1
0586-4N,CENTRAL (EX EL MAITEN 1+2A+2B+3,Coquimbo,Illapel,INACTIVO,-31.6637213912487,-71.2520453570394,95.3,3013.4,1,1,0,1
0587-4N,ORIENTE,Coquimbo,Illapel,INACTIVO,-31.6636753697627,-71.2513013589737,100.4,2945.3,1,1,0,1
0588-4N,RELAVES ANTIGUOS,Coquimbo,Andacollo,INACTIVO,-30.2036092245675,-71.0855081957886,2283.6,1975.3,0,1,0,1
0589-4N,ARENILLAS 2,Coquimbo,Andacollo,ACTIVO,-30.2031033169335,-71.0864967081757,2370.6,2018.2,0,1,0,1
0590-4N,ARENILLAS 3,Coquimbo,Andacollo,INACTIVO,-30.2010247063603,-71.0876116685372,2624.1,2239.0,0,1,0,1
0591-4N,ARENILLAS 4,Coquimbo,Andacollo,INACTIVO,-30.2018771603104,-71.0874741426708,2532.1,2145.6,0,1,0,1
0592-4N,EMBALSE RELAVE CANELA,Coquimbo,Canela,INACTIVO,-31.3809225209038,-71.2816154253033,250.4,9421.5,1,1,0,0
0593-4N,TRANQUE DE RELAVE,Coquimbo,Canela,ABANDONADO,-31.3940214953794,-71.4385539355837,54.6,847.1,1,1,1,1
0594-4N,RELAVE,Coquimbo,Monte Patria,ABANDONADO,-30.9034132314039,-70.947245219337,47.6,5612.5,1,1,0,0
0595-4N,LA CABRA Y TALINAY,Coquimbo,Ovalle,ACTIVO,-30.9153640397421,-71.6807528539753,1589.0,5988.6,0,1,0,0
0596-4N,EL INCIENSO 1,Coquimbo,Ovalle,ABANDONADO,-30.4671561720711,-71.1672341880481,654.1,575.8,1,1,1,1
0597-4N,EL INCIENSO 2,Coquimbo,Ovalle,ABANDONADO,-30.4667665055983,-71.1663798367504,572.2,494.9,1,1,1,1
0598-4N,BARRAZA 1,Coquimbo,Ovalle,ABANDONADO,-30.7035220584632,-71.5070413235091,764.5,960.3,1,1,1,1
0599-4N,CONTACTO,Coquimbo,Paiguano,ABANDONADO,-29.9893844128725,-70.5419097362429,154.6,1694.2,1,1,0,1
0600-4N,ALMENDRAL 1-2-3,Coquimbo,Vicuña,ABANDONADO,-29.9827884137337,-70.9038091285304,170.1,4988.7,1,1,0,1
0601-4N,LOS PINGOS 2,Coquimbo,Monte Patria,INACTIVO,-30.9482721812295,-70.4977541985581,338.5,22369.3,1,1,0,0
0602-4N,El Espino,Coquimbo,Illapel,EN CONSTRUCCION,-31.4110134545024,-71.1010235891109,975.8,19598.2,1,1,0,0
0603-4N,LLAMUCO 3,Coquimbo,Salamanca,ABANDONADO,-31.6893294886721,-70.7759621070054,106.2,18568.5,1,1,0,0
0604-4N,LLAMUCO 1,Coquimbo,Salamanca,ABANDONADO,-31.6872152005191,-70.7769834387975,9.5,18600.1,1,1,0,0
0605-4N,LLAMUCO 2,Coquimbo,Salamanca,ABANDONADO,-31.6887027503479,-70.7776986398472,58.3,18459.3,1,1,0,0
0606-4N,EL DURAZNO,Coquimbo,Salamanca,ABANDONADO,-31.9207998038968,-70.8795933109494,234.1,9165.1,1,1,0,0
0607-4N,TRANQUE 1,Coquimbo,Illapel,INACTIVO,-31.6190390070694,-71.1438551416309,286.6,391.6,1,1,1,1
0608-4N,TRANQUE 2,Coquimbo,Illapel,INACTIVO,-31.6179069864617,-71.1440804116886,263.0,466.5,1,1,1,1
0609-4N,PLANTA ILLAPEL Nº3,Coquimbo,Illapel,ACTIVO,-31.6165440841181,-71.1447714736904,214.6,457.1,1,1,1,1
0610-4N,SANTA FILOMENA 1,Coquimbo,Salamanca,ABANDONADO,-31.7297596318227,-70.9425316173372,115.4,3919.5,1,1,0,1
0611-4N,DESCONOCIDO,Coquimbo,Andacollo,ABANDONADO,-30.3737626080467,-71.139969895993,842.7,10119.2,1,1,0,0
0612-4N,SECTOR LLAHUIN,Coquimbo,Combarbalá,ABANDONADO,-31.3281925018829,-71.0250520842291,193.2,15513.5,1,1,0,0
0613-4N,EMBALSE DE RELAVES II,Coquimbo,La Higuera,EN CONSTRUCCION,-29.3434882211569,-71.1468209474936,299.4,10505.0,1,1,0,0
0614-4N,DESCONOCIDO,Coquimbo,Vicuña,ABANDONADO,-29.8914131114293,-70.8986063537755,202.3,9397.7,1,1,0,0
0615-4N,EMBALSE EL MENTA,Coquimbo,Combarbalá,ABANDONADO,-30.883896921675,-71.1487185668616,2135.6,7382.9,0,1,0,0
0616-4N,DESCONOCIDO,Coquimbo,Combarbalá,ABANDONADO,-31.1070336607156,-71.1583235857237,696.1,707.0,1,1,1,1
0617-4N,DESCONOCIDO,Coquimbo,Punitaqui,ABANDONADO,-30.8602438710366,-71.2192268804489,323.2,402.3,1,1,1,1
0618-4N,LA CALDERA,Coquimbo,Andacollo,ABANDONADO,-30.3041222051403,-71.1423084526566,225.4,5666.1,1,1,0,0
0619-4N,LAS ROJAS 1 ,Coquimbo,La Serena,ABANDONADO,-29.9822315484438,-71.0665434678159,516.6,397.9,1,1,1,1
0620-4N,SANTA ELENA,Coquimbo,La Serena,ABANDONADO,-29.8467963813277,-71.1235497928231,342.4,154.0,1,1,1,1
0621-4N,RIVERA (ACOPIO),Coquimbo,La Higuera,ABANDONADO,-29.3651845274111,-71.1147197708309,250.1,7963.3,1,1,0,0
0622-4N,TRANQUE DE RELAVE ,Coquimbo,Combarbalá,ABANDONADO,-31.1753665643513,-71.010683824704,732.1,540.8,1,1,1,1
0623-4N,CUBETA 1,Coquimbo,Coquimbo,ABANDONADO,-29.9720792050512,-71.3439849575922,1558.0,312.5,0,1,1,1
0624-4N,CUBETA 2,Coquimbo,Coquimbo,ABANDONADO,-29.971548937554,-71.3443376728754,1571.7,266.8,0,1,1,1
0625-4N,ESTANQUE 1-2-3-4-5-6,Coquimbo,Salamanca,ABANDONADO,-31.9296737889303,-70.9262081164679,648.9,11029.9,1,1,0,0
0626-4N,RELAVE CHIRIPA,Coquimbo,Salamanca,ABANDONADO,-31.9770945597502,-70.9153926866634,76.4,15739.9,1,1,0,0
0627-4N,LA RESERVA 1-2-3-4-5,Coquimbo,Vicuña,ABANDONADO,-29.9682609136001,-70.9665753084926,109.2,428.3,1,1,1,1
0628-4N,DELIRIO 1,Coquimbo,Punitaqui,ABANDONADO,-30.8796234421431,-71.2407281975648,288.7,1352.0,1,1,0,1
0629-4N,DELIRIO 3,Coquimbo,Punitaqui,ABANDONADO,-30.8789390926217,-71.2419320243429,173.7,1390.5,1,1,0,1
0630-4N,LA QUIROGA 1,Coquimbo,Ovalle,ABANDONADO,-30.5507109660452,-71.3682318508749,61.9,3578.8,1,1,0,1
0631-4N,ALGARROBAL (ACOPIO),Coquimbo,La Higuera,ABANDONADO,-29.3546533377404,-71.1289924424403,281.1,8949.4,1,1,0,0
0632-4N,FLOR DE VALLE 1,Coquimbo,Combarbalá,ABANDONADO,-31.2222265280046,-71.0595045953683,786.2,5204.2,1,1,0,0
0633-4N,FLOR DE VALLE 2,Coquimbo,Combarbalá,ABANDONADO,-31.222147832057,-71.0597316264851,796.9,5212.7,1,1,0,0
0634-4N,LOS VALIENTES 1,Coquimbo,Andacollo,ABANDONADO,-30.2398248918878,-71.0940458978176,829.9,360.4,1,1,1,1
0635-4N,TRANQUE DE 1-2,Coquimbo,Andacollo,INACTIVO,-30.2377561943003,-71.0836862326267,166.4,315.0,1,1,1,1
0636-4N,AGUA GRANDE ,Coquimbo,La Higuera,ABANDONADO,-29.4988700402677,-71.0632683888254,127.4,17955.1,1,1,0,0
0637-4N,ZEBALLOS 1-2-3,Coquimbo,Vicuña,ABANDONADO,-29.8827992678127,-70.8820302161418,55.9,11190.0,1,1,0,0
0638-4N,EL PINGO 0,Coquimbo,Monte Patria,ABANDONADO,-30.8456287571483,-70.583102622844,177.1,11731.9,1,1,0,0
0639-4N,EL PINGO 1,Coquimbo,Monte Patria,ABANDONADO,-30.8458362321454,-70.5824894063549,118.5,11788.3,1,1,0,0
0640-4N,EL PINGO 2,Coquimbo,Monte Patria,ABANDONADO,-30.8458688890105,-70.5834753873963,212.7,11694.1,1,1,0,0
0641-4N,TRANQUE,Coquimbo,Monte Patria,ABANDONADO,-30.8486943839823,-70.5817715253146,93.9,11834.8,1,1,0,0
0642-4N,ENRIQUETA 2,Coquimbo,La Higuera,ABANDONADO,-29.3639200953326,-71.1167010672289,197.8,8090.8,1,1,0,0
0643-4N,EL TRAPICHE 1,Coquimbo,La Higuera,ABANDONADO,-29.3550826855345,-71.129405746575,219.6,8998.5,1,1,0,0
0644-4N,EL TRAPICHE 2,Coquimbo,La Higuera,ABANDONADO,-29.3553511869077,-71.1300221950326,155.1,9063.2,1,1,0,0
0645-4N,DEPOSITO ANTIGUO,Coquimbo,Illapel,ABANDONADO,-31.3735044160088,-71.0729458608311,3165.4,21082.9,0,1,0,0
0646-4N,DESCONOCIDO,Coquimbo,Vicuña,ABANDONADO,-29.8888033343631,-70.8907553267322,86.2,10126.0,1,1,0,0
0647-4N,DESCONOCIDO,Coquimbo,Illapel,ABANDONADO,-31.6376059690132,-71.1697987706112,217.8,219.2,1,1,1,1
0648-4N,DESCONOCIDO,Coquimbo,Andacollo,ABANDONADO,-30.2483567254096,-71.1067149902215,1647.4,955.1,0,1,1,1
0649-4N,SOR TERESA,Coquimbo,La Higuera,ABANDONADO,-29.3590656029866,-71.1224839536755,434.0,8454.0,1,1,0,0
0650-4N,DESCONOCIDO,Coquimbo,Combarbalá,ABANDONADO,-31.245893093471,-71.0155257347022,222.6,6413.0,1,1,0,0
0651-4N,EMBALSE EL ROMERO,Coquimbo,Illapel,ABANDONADO,-31.4153956196721,-71.0590022684328,360.8,19116.7,1,1,0,0
0652-4N,PISCINA RELAVE PLANTA ESTRELLA,Coquimbo,La Serena,EN REVISION,-30.0351491193395,-71.1131419253737,85.3,5275.5,1,1,0,0
0653-4N,DESCONOCIDO,Coquimbo,Andacollo,ABANDONADO,-30.2563185440064,-71.0785065493254,1091.4,265.6,0,1,1,1
0654-4N,DESCONOCIDO,Coquimbo,Andacollo,ABANDONADO,-30.2560711554702,-71.0733000327959,1579.8,703.8,0,1,1,1
0655-4N,DESCONOCIDO,Coquimbo,Andacollo,ABANDONADO,-30.2409576178087,-71.0903001782647,469.7,367.9,1,1,1,1
0656-4N,DESCONOCIDO,Coquimbo,Andacollo,ABANDONADO,-30.2265414494703,-71.0637237800654,400.8,871.5,1,1,1,1
0657-4N,VALLE HERMOSO,Coquimbo,Combarbalá,ABANDONADO,-31.2565874251959,-71.0041243560677,129.0,7594.2,1,1,0,0
0658-4N,EMBALSE DE RELAVE,Coquimbo,Combarbalá,ACTIVO,-31.2140392908411,-71.0612170191331,472.9,4714.3,1,1,0,1
0659-4N,PISCINA NADZIEJA,Coquimbo,Andacollo,INACTIVO,-30.2596666043761,-71.0161258413126,3809.1,5581.2,0,1,0,0
0660-4N,ACOPIO,Coquimbo,La Higuera,ABANDONADO,-29.4808030281262,-71.0742787424191,66.7,16170.3,1,1,0,0
0661-4N,TRANQUE DE RELAVE,Coquimbo,Andacollo,ABANDONADO,-30.2254897985671,-71.0550557801299,100.1,1699.2,1,1,0,1
0662-4N,DESCONOCIDO,Coquimbo,Andacollo,ABANDONADO,-30.2226580430161,-71.073588836611,28.6,674.9,1,1,1,1
0663-4N,DESCONOCIDO,Coquimbo,Andacollo,ABANDONADO,-30.2446626747107,-71.0854838929937,61.3,359.8,1,1,1,1
0664-4N,DESCONOCIDO,Coquimbo,Andacollo,ABANDONADO,-30.2317786015141,-71.0948084234868,903.3,326.8,1,1,1,1
0665-4N,RELAVE HONORES,Coquimbo,Andacollo,ABANDONADO,-30.2338789241121,-71.0879923379298,247.7,452.3,1,1,1,1
0666-4N,CALETONES,Coquimbo,Andacollo,ACTIVO,-30.2236229393079,-71.074525697421,78.1,624.4,1,1,1,1
0667-4N,CALETONES,Coquimbo,Andacollo,ACTIVO,-30.2255625397473,-71.0752171986506,292.6,537.1,1,1,1,1
0668-4N,DEPOSITO DE RELAVES,Coquimbo,La Serena,ABANDONADO,-29.6730561278824,-71.1772583719688,2.6,6182.5,1,1,0,0
0669-4N,LA PALMA,Coquimbo,Canela,ACTIVO,-31.2310951191001,-71.5836762299265,17.1,2960.3,1,1,0,1
0670-3N,TRANQUE DE RELAVE,Atacama,Copiapó,INACTIVO,-27.4089392410082,-70.3553219294226,163.4,439.9,1,1,1,1
0671-5C,CERRO NEGRO 1,Valparaíso,Cabildo,ABANDONADO,-32.5833763390807,-70.8781319618934,70.9,471.0,1,1,1,1
0672-5C,CERRO NEGRO 2,Valparaíso,Cabildo,ABANDONADO,-32.582476405741,-70.8791252631868,64.3,342.1,1,1,1,1
0673-5C,CERRO NEGRO 3,Valparaíso,Cabildo,ABANDONADO,-32.5809706167376,-70.8812358506469,30.9,171.6,1,1,1,1
0674-5C,CERRO NEGRO 4,Valparaíso,Cabildo,ABANDONADO,-32.5799642771577,-70.8836749092877,142.2,308.6,1,1,1,1
0675-5C,CERRO NEGRO 5,Valparaíso,Cabildo,INACTIVO,-32.5785162277889,-70.8868939033278,302.3,619.0,1,1,1,1
0676-5C,CERRO NEGRO 6,Valparaíso,Cabildo,INACTIVO,-32.5758297126577,-70.8921914373136,201.5,683.4,1,1,1,1
0677-5C,RELAVE FILTRADO,Valparaíso,Cabildo,ACTIVO,-32.5794549697388,-70.887999400554,198.5,711.5,1,1,1,1
0678-5C,VETA DEL AGUA 1-2-3-4,Valparaíso,Nogales,ABANDONADO,-32.6849796993313,-71.1312350787951,265.5,1673.5,1,1,0,1
0679-5C,VETA DEL AGUA 5,Valparaíso,Nogales,ABANDONADO,-32.6841312108322,-71.1293176290062,67.8,1676.2,1,1,0,1
0680-5C,VETA DEL AGUA 6,Valparaíso,Nogales,ACTIVO,-32.6830105061873,-71.1353607607985,194.7,1338.6,1,1,0,1
0681-5C,EL ESCORIAL 1,Valparaíso,Cabildo,ABANDONADO,-32.4237870403571,-71.0667155909507,208.0,395.5,1,1,1,1
0682-5C,EL ESCORIAL 2,Valparaíso,Cabildo,ABANDONADO,-32.423936131168,-71.0671455121434,187.9,436.0,1,1,1,1
0683-5C,EL ESCORIAL 3,Valparaíso,Cabildo,ABANDONADO,-32.4241554284852,-71.0676421628112,172.0,486.8,1,1,1,1
0684-5C,LA PACIENCIA,Valparaíso,Rinconada,ABANDONADO,-32.8372629381517,-70.7120756285748,544.9,627.0,1,1,1,1
0685-5C,EL SAUCE 1-2-3,Valparaíso,Llaillay,ELIMINADO,-32.8691770113036,-70.8957277546284,1548.0,703.8,0,1,1,1
0686-5C,ZORRITO,Valparaíso,Petorca,INACTIVO,-32.2155177065329,-70.8700032809234,964.3,1403.6,1,1,0,1
0687-5C,LOS BURROS,Valparaíso,Petorca,ACTIVO,-32.2166985538984,-70.8697778539195,843.8,1415.8,1,1,0,1
0688-5C,EL QUISCO,Valparaíso,Petorca,ACTIVO,-32.2195606491233,-70.8696265721043,602.2,1526.7,1,1,0,1
0689-5C,POTRILLO,Valparaíso,Petorca,ACTIVO,-32.2177593349196,-70.8695607402829,738.2,1435.7,1,1,0,1
0690-5C,BELLAVISTA 1-2,Valparaíso,San Felipe,INACTIVO,-32.6908146952903,-70.7921310792244,274.8,450.6,1,1,1,1
0691-5C,EMBALSE DE RELAVES 3,Valparaíso,San Felipe,INACTIVO,-32.6913914406962,-70.7903768929507,186.0,413.4,1,1,1,1
0692-5C,EMBALSE DE RELAVES 4,Valparaíso,San Felipe,INACTIVO,-32.6907832962351,-70.7893857510009,71.6,322.6,1,1,1,1
0693-5C,EMBALSE DE RELAVES,Valparaíso,San Felipe,INACTIVO,-32.6909935274776,-70.7909413032884,197.9,397.4,1,1,1,1
0694-5C,EL COBRE 1,Valparaíso,Nogales,INACTIVO,-32.6630562351167,-71.1474925085409,139.5,41.4,1,1,1,1
0695-5C,EL COBRE 2,Valparaíso,Nogales,ABANDONADO,-32.6673169075412,-71.1451584116369,258.5,470.8,1,1,1,1
0696-5C,EL COBRE 3,Valparaíso,Nogales,ABANDONADO,-32.6722354731302,-71.1424548742187,141.3,363.9,1,1,1,1
0697-5C,TRANQUE 4,Valparaíso,Nogales,INACTIVO,-32.6591305437221,-71.164287273439,780.6,421.6,1,1,1,1
0698-5C,TORITO,Valparaíso,Nogales,ACTIVO,-32.6403447667695,-71.1627985436797,223.3,659.0,1,1,1,1
0699-RM,PEREZ-CALDERA 1,Metropolitana de Santiago,Lo Barnechea,INACTIVO,-33.2054463086733,-70.3405626165806,91.2,843.1,1,1,1,1
0700-RM,PEREZ-CALDERA 2,Metropolitana de Santiago,Lo Barnechea,INACTIVO,-33.2211387194157,-70.3432294259236,48.5,359.1,1,1,1,1
0701-RM,LOS PICHES,Metropolitana de Santiago,Lo Barnechea,INACTIVO,-33.2120902341952,-70.3417894868023,37.9,297.5,1,1,1,1
0702-RM,COPIHUE,Metropolitana de Santiago,Lo Barnechea,INACTIVO,-33.1999209655814,-70.3398918109401,28.7,419.7,1,1,1,1
0703-RM,LAS TORTOLAS,Metropolitana de Santiago,Colina,ACTIVO,-33.1299916035378,-70.7329172669075,783.3,1337.1,1,1,0,1
0704-5C,PULLALLI,Valparaíso,La Ligua,ACTIVO,-32.3973985593096,-71.3176690154419,2725.9,389.7,0,1,1,1
0705-5C,EMBALSE DE RELAVES,Valparaíso,San Esteban,ABANDONADO,-32.4849411576071,-70.2052557376061,1155.8,32952.5,0,1,0,0
0706-5C,LAS CENIZAS 1,Valparaíso,Cabildo,ABANDONADO,-32.4311050538889,-71.0817297336959,253.6,208.7,1,1,1,1
0707-5C,LAS CENIZAS 2,Valparaíso,Cabildo,ABANDONADO,-32.4325475701078,-71.0829663235629,268.3,406.0,1,1,1,1
0708-5C,LAS CENIZAS 3,Valparaíso,Cabildo,ABANDONADO,-32.4345592596374,-71.0844052239368,309.4,527.5,1,1,1,1
0709-5C,LAS CENIZAS 4,Valparaíso,Cabildo,INACTIVO,-32.4231776438777,-71.0797692765072,431.9,221.7,1,1,1,1
0710-5C,DEPOSITO RELAVE ESPESADO INTERIOR MINA (DREIM),Valparaíso,Cabildo,INACTIVO,-32.4346885064897,-71.0749000198339,865.6,444.3,1,1,1,1
0711-5C,DEPOSITO EN PASTA (DEP),Valparaíso,Cabildo,ACTIVO,-32.4713566757205,-71.0844922876106,177.8,2199.6,1,1,0,1
0712-5C,LA PATAGUA 1,Valparaíso,La Ligua,INACTIVO,-32.5399136926985,-71.1326178400078,36.5,5595.4,1,1,0,0
0713-5C,LA PATAGUA 2,Valparaíso,La Ligua,INACTIVO,-32.5384675212738,-71.1338260017819,123.4,5783.3,1,1,0,0
0714-5C,LA PATAGUA 3,Valparaíso,La Ligua,INACTIVO,-32.5401385712382,-71.1337842099793,61.4,5607.6,1,1,0,0
0715-5C,LA PATAGUA 4,Valparaíso,La Ligua,INACTIVO,-32.5391283869912,-71.1354431744088,50.3,5766.0,1,1,0,0
0716-5C,LA PATAGUA 4A,Valparaíso,La Ligua,INACTIVO,-32.5379479438808,-71.1369040387669,74.7,5937.1,1,1,0,0
0717-5C,DEPOSITO AUXILIAR,Valparaíso,La Ligua,ACTIVO,-32.5434050616544,-71.1276044720723,12.6,5090.6,1,1,0,0
0718-5C,JAVITO,Valparaíso,La Ligua,ACTIVO,-32.5456901308357,-71.1252747541373,169.7,4792.7,1,1,0,1
0719-5C,TERRAZAS 1,Valparaíso,Petorca,INACTIVO,-32.2270260266637,-70.9607936513144,6.3,2487.0,1,1,0,1
0720-5C,TERRAZAS 2,Valparaíso,Petorca,INACTIVO,-32.2254694107909,-70.9658858024849,178.5,2900.9,1,1,0,1
0721-5C,EL DURAZNO,Valparaíso,Petorca,INACTIVO,-32.2279943543359,-70.9580387447919,105.2,2266.9,1,1,0,1
0722-5C,DEPOSITO DE ARENAS,Valparaíso,Petorca,INACTIVO,-32.1938017056359,-70.9445625564266,985.7,5804.2,1,1,0,0
0723-5C,PETRONILA DIAZ,Valparaíso,Petorca,ABANDONADO,-32.2541954987856,-70.9342426603006,227.2,362.8,1,1,1,1
0724-5C,DIAMANTINO,Valparaíso,Putaendo,ABANDONADO,-32.5230455618704,-70.6275479039534,446.5,7071.5,1,1,0,0
0725-5C,PLANTA PATS,Valparaíso,Petorca,ABANDONADO,-32.2425068604245,-70.879166629673,60.2,2653.8,1,1,0,1
0726-5C,EMBALSE LOS MAITENES,Valparaíso,Puchuncaví,ABANDONADO,-32.7869597520186,-71.4646580205715,3030.2,135.7,0,1,1,1
0727-5C,EMBALSE DE RELAVES DEL SINDICATO INDEPENDIENTE DE PIRQUINEROS DE PETORCA,Valparaíso,Petorca,ACTIVO,-32.2221346702637,-70.876794839836,931.6,2175.3,1,1,0,1
0728-5C,MINERA LA VEGA,Valparaíso,Petorca,ACTIVO,-32.2222428479118,-70.8772890929981,959.3,2214.0,1,1,0,1
0729-5C,EL ARENAL 1,Valparaíso,Putaendo,ABANDONADO,-32.6561908953016,-70.7554565059112,236.9,804.7,1,1,1,1
0730-5C,EL ARENAL 3,Valparaíso,Putaendo,ABANDONADO,-32.6557006338462,-70.7558441646823,229.6,830.4,1,1,1,1
0731-5C,SAN SEBASTIAN,Valparaíso,Cartagena,INACTIVO,-33.5237879811232,-71.5858939045217,1247.1,386.0,0,1,1,1
0732-7C,DEPOSITO DE LODOS ANTIGUO,Maule,Empedrado,ACTIVO,-35.5736603023474,-72.4026961929138,884.8,10436.9,1,1,0,0
0733-7C,DEPOSITO DE LODOS NUEVO,Maule,Empedrado,ACTIVO,-35.5770749861919,-72.4010872616945,1249.3,10241.5,0,1,0,0
0734-5C,ENCON,Valparaíso,San Felipe,ABANDONADO,-32.7370240654642,-70.7347414759332,177.7,388.1,1,1,1,1
0735-5C,EL CERRADO 1,Valparaíso,Cabildo,ABANDONADO,-32.6015152548281,-70.9972509463633,397.9,9972.1,1,1,0,0
0736-5C,EL CERRADO 2,Valparaíso,Cabildo,ABANDONADO,-32.5995327226971,-70.9947595690445,178.7,9679.5,1,1,0,0
0737-5C,EL QUEMADO ,Valparaíso,Cabildo,ABANDONADO,-32.4430248248673,-71.0115114140593,623.1,1468.5,1,1,0,1
0738-5C,LOS MOLLES 1,Valparaíso,La Ligua,ABANDONADO,-32.234502610588,-71.4810444680846,1144.0,817.9,0,1,1,1
0739-5C,HIERRO VIEJO 1,Valparaíso,Petorca,ABANDONADO,-32.2776538500508,-71.0160713226244,65.8,305.4,1,1,1,1
0740-5C,HIERRO VIEJO 2,Valparaíso,Petorca,ABANDONADO,-32.278020374616,-71.0164294706534,65.2,305.7,1,1,1,1
0741-5C,CATEMU 1,Valparaíso,Catemu,ABANDONADO,-32.7718851907776,-70.9937666615244,114.1,318.3,1,1,1,1
0742-5C,CATEMU 2,Valparaíso,Catemu,ABANDONADO,-32.7728340244655,-70.9926283677656,86.0,403.1,1,1,1,1
0743-5C,CATEMU 3,Valparaíso,Catemu,ABANDONADO,-32.7703240576411,-70.9962629610506,286.7,127.9,1,1,1,1
0744-5C,CATEMU 4,Valparaíso,Catemu,ABANDONADO,-32.7760849346981,-70.9923238033053,124.5,511.4,1,1,1,1
0745-5C,3 TRANQUES,Valparaíso,Petorca,ABANDONADO,-32.2566270713722,-70.9459624468325,41.7,249.4,1,1,1,1
0746-5C,CAOLIN,Valparaíso,Calera,ABANDONADO,-32.7986520327,-71.1987913643035,1923.5,310.0,0,1,1,1
0747-5C,EMBALSE DE RELAVES MANUEL FERNANDEZ,Valparaíso,Petorca,ACTIVO,-32.2213224554727,-70.8742200063377,805.2,1992.5,1,1,0,1
0748-5C,LOS MAQUIS 1,Valparaíso,Cabildo,ABANDONADO,-32.4639014509718,-71.0689063496484,1827.2,1974.5,0,1,0,1
0749-5C,ANTAWARA,Valparaíso,Petorca,ACTIVO,-32.2015084011821,-70.8722620281407,1713.8,2027.1,0,1,0,1
0750-5C,COBRE OXIDADO 1-5,Valparaíso,Putaendo,ABANDONADO,-32.5753322118641,-70.7647520024447,193.6,1722.8,1,1,0,1
0751-5C,DULCINEA,Valparaíso,Petorca,ABANDONADO,-32.1430424898534,-70.7991259830375,78.2,7848.2,1,1,0,0
0752-5C,TRANQUE 1-2-3-4,Valparaíso,Petorca,ABANDONADO,-32.172584904301,-71.1479110957605,1751.0,16182.6,0,1,0,0
0753-5C,EMBALSE,Valparaíso,Petorca,ABANDONADO,-32.219533599032,-70.8710702744608,707.7,1645.8,1,1,0,1
0754-5C,LOS HOYOS,Valparaíso,Petorca,ABANDONADO,-32.0662187928164,-70.8281576930741,1614.0,16231.1,0,1,0,0
0755-5C,RAMAYANA 1,Valparaíso,Olmué,ABANDONADO,-33.0604893424385,-71.0357057624795,1333.6,4991.7,0,1,0,1
0756-5C,RAMAYANA 2,Valparaíso,Olmué,ABANDONADO,-33.0715177608529,-71.0305123424635,2193.5,5746.3,0,1,0,0
0757-RM,EMBALSE DE RELAVES,Metropolitana de Santiago,Tiltil,ACTIVO,-33.1036501095036,-70.9133589612664,1093.7,747.8,0,1,1,1
0758-RM,MSP 2,Metropolitana de Santiago,Tiltil,ACTIVO,-33.1018265191846,-70.9059187706144,1643.0,308.4,0,1,1,1
0759-RM,TRANQUE RELAVE 1-2-3-4,Metropolitana de Santiago,Tiltil,INACTIVO,-33.1433976029448,-70.8312670312813,572.3,325.2,1,1,1,1
0760-RM,TRANQUE RELAVE 5,Metropolitana de Santiago,Tiltil,ACTIVO,-33.171589796313,-70.8248138449641,2786.7,1091.9,0,1,0,1
0761-RM,LA AFRICANA 1-2,Metropolitana de Santiago,Pudahuel,ABANDONADO,-33.460952784349,-70.8146705314021,637.0,233.3,1,1,1,1
0762-RM,LA FARFANA,Metropolitana de Santiago,Maipú,ABANDONADO,-33.4644727969343,-70.8086061105164,175.4,342.6,1,1,1,1
0763-RM,ANITA 1-2,Metropolitana de Santiago,Tiltil,ABANDONADO,-33.0762388233318,-70.943471817958,40.4,575.1,1,1,1,1
0764-RM,TRANQUE DE RELAVE,Metropolitana de Santiago,Paine,ABANDONADO,-33.8502069154514,-70.9591049557027,1445.2,4795.4,0,1,0,1
0765-RM,TRANQUE DE RELAVE ADOSADO,Metropolitana de Santiago,Alhué,INACTIVO,-34.0428862893543,-71.031783780688,786.4,392.7,1,1,1,1
0766-RM,TRANQUE DE RELAVE UNIFICADO,Metropolitana de Santiago,Alhué,INACTIVO,-34.0378048000574,-71.0311648294964,470.3,70.1,1,1,1,1
0767-RM,TRANQUE EN PASTA,Metropolitana de Santiago,Alhué,ACTIVO,-34.0469633608735,-71.0402835331608,478.0,913.5,1,1,1,1
0768-RM,LO AGUILA,Metropolitana de Santiago,Curacaví,ABANDONADO,-33.4231809237422,-71.1449664194561,989.4,290.3,1,1,1,1
0769-RM,SAN FRANCISCO,Metropolitana de Santiago,Tiltil,ABANDONADO,-33.1054468219626,-70.9276458371939,52.5,275.4,1,1,1,1
0770-RM,NOGAZ,Metropolitana de Santiago,Tiltil,ABANDONADO,-33.0031983839454,-70.8911304150977,30.8,269.9,1,1,1,1
0771-RM,GRINGO TICHAGUA,Metropolitana de Santiago,Melipilla,ABANDONADO,-33.6145431205234,-71.094729456076,2676.6,1481.4,0,1,0,1
0772-RM,LOS CARRERAS,Metropolitana de Santiago,Melipilla,ABANDONADO,-33.6153983386561,-71.0950300526479,2757.4,1535.3,0,1,0,1
0773-6C,EL INGLES,Libertador General Bernardo O'Higgins,Rancagua,INACTIVO,-34.0718027153392,-70.8618136495471,513.0,188.7,1,1,1,1
0774-6C,EL INGLES 1,Libertador General Bernardo O'Higgins,Rancagua,ABANDONADO,-34.0717380196901,-70.8640091179174,715.5,59.1,1,1,1,1
0775-6C,EL INGLES 2,Libertador General Bernardo O'Higgins,Rancagua,ABANDONADO,-34.072801439714,-70.8647399462233,782.9,194.4,1,1,1,1
0776-6C,EL INGLES 3,Libertador General Bernardo O'Higgins,Rancagua,ABANDONADO,-34.0732721881654,-70.8635790104909,675.8,224.2,1,1,1,1
0777-6C,CAUQUENES,Libertador General Bernardo O'Higgins,Requínoa,ACTIVO,-34.2918691373147,-70.6947434321222,379.4,703.5,1,1,1,1
0778-6C,COLIGUE,Libertador General Bernardo O'Higgins,Requínoa,ACTIVO,-34.2620839047576,-70.6724808686822,207.6,1154.6,1,1,0,1
0779-6C,BARAHONA 1,Libertador General Bernardo O'Higgins,Machalí,INACTIVO,-34.0941884015601,-70.5074357371774,770.1,294.3,1,1,1,1
0780-6C,LA HIGUERA,Libertador General Bernardo O'Higgins,Pichidegua,ABANDONADO,-34.425464320576,-71.1991102517238,1664.0,501.8,0,1,1,1
0781-6C,CHANCON 1,Libertador General Bernardo O'Higgins,Rancagua,INACTIVO,-34.0783218237297,-70.8134688251995,876.4,141.8,1,1,1,1
0782-6C,CHANCON 2,Libertador General Bernardo O'Higgins,Rancagua,ACTIVO,-34.0793509115149,-70.8142261899056,751.7,50.9,1,1,1,1
0783-6C,DESCONOCIDO,Libertador General Bernardo O'Higgins,Las Cabras,ELIMINADO,-34.0634030193137,-71.3064475356829,687.8,1848.4,1,1,0,1
0784-6C,DESCONOCIDO,Libertador General Bernardo O'Higgins,Litueche,ABANDONADO,-34.1219920039365,-71.7266562723807,199.3,356.1,1,1,1,1
0785-7C,CHEPICA,Maule,Pencahue,INACTIVO,-35.3741648229744,-71.8540113766478,1801.7,3958.2,0,1,0,1
0786-7C,FLORA,Maule,Constitución,ACTIVO,-35.5578617359822,-72.5898375843605,1204.0,861.9,0,1,1,1
0787-7C,LOANCO 9,Maule,Chanco,ACTIVO,-35.5751255616224,-72.5868682155069,277.4,1019.4,1,1,0,1
0788-11S,TOQUI,Aysén del General Carlos Ibáñez del Campo,Coihaique,INACTIVO,-45.035916766913,-71.9431527030382,196.7,380.1,1,1,1,1
0789-11S,CONFLUENCIA,Aysén del General Carlos Ibáñez del Campo,Coihaique,INACTIVO,-45.0336464856725,-71.9267799489475,265.0,1043.4,1,1,0,1
0790-11S,LA LEÑERA,Aysén del General Carlos Ibáñez del Campo,Coihaique,INACTIVO,-45.0334912285695,-71.941648475725,255.8,488.6,1,1,1,1
0791-11S,FILTRADOS DOÑA ROSA,Aysén del General Carlos Ibáñez del Campo,Coihaique,ACTIVO,-45.0370201441959,-71.9516437023545,670.3,312.9,1,1,1,1
0792-11S,RELAVE LA ESCONDIDA,Aysén del General Carlos Ibáñez del Campo,Chile Chico,ABANDONADO,-46.8623528737514,-72.6663085112844,496.9,3468.6,1,1,0,1
0793-11S,LAS CHIVAS,Aysén del General Carlos Ibáñez del Campo,Río Ibáñez,ABANDONADO,-46.5845600788399,-72.5510105726935,1715.5,22652.3,0,1,0,0
0794-11S,TRANQUE DE RELAVE 1,Aysén del General Carlos Ibáñez del Campo,Río Ibáñez,ABANDONADO,-46.55847890634,-72.3884325130539,67.9,11005.0,1,1,0,0
0795-11S,TRANQUE DE RELAVE 2,Aysén del General Carlos Ibáñez del Campo,Río Ibáñez,ABANDONADO,-46.558877538048,-72.3893250908002,149.1,11051.6,1,1,0,0
0796-11S,ACOPIO PUERTO CRISTAL,Aysén del General Carlos Ibáñez del Campo,Río Ibáñez,ABANDONADO,-46.5611386682323,-72.394735612695,545.8,11348.4,1,1,0,0
0797-11S,TOQUI ANTIGUO,Aysén del General Carlos Ibáñez del Campo,Coihaique,INACTIVO,-45.0390864745405,-71.9439915443459,47.3,275.5,1,1,1,1
0798-2N,TALTAL SUR,Antofagasta,Taltal,ABANDONADO,-25.4098592419173,-70.4937732315415,1200.1,474.4,0,1,1,1
0799-2N,TOCOPILLA,Antofagasta,Tocopilla,EN CONSTRUCCION,-22.1234329575298,-70.0968181222398,121.8,4444.4,1,1,0,1
0800-2N,DEPOSITO DE RELAVE EN RAJO TESORO CENTRAL,Antofagasta,Sierra Gorda,EN CONSTRUCCION,-22.9521331609981,-69.0797753703325,2466.0,,0,1,0,0
0801-3N,TRANQUE 1,Atacama,Tierra Amarilla,INACTIVO,-27.438432364784,-70.2718995730788,311.2,59.9,1,1,1,1
0802-3N,EMBALSE 1,Atacama,Tierra Amarilla,INACTIVO,-27.4386456796577,-70.2720407412971,325.1,80.8,1,1,1,1
0803-3N,EMBALSE 2,Atacama,Tierra Amarilla,INACTIVO,-27.438744931674,-70.2721303880337,334.0,91.7,1,1,1,1
0804-3N,EMBALSE 3,Atacama,Tierra Amarilla,INACTIVO,-27.4382439436414,-70.2722545984448,346.2,40.0,1,1,1,1
0805-3N,DESCONOCIDO,Atacama,Tierra Amarilla,ABANDONADO,-27.441125494089,-70.270242237906,147.4,398.7,1,1,1,1
0806-3N,SAN JOAQUIN 4,Atacama,Tierra Amarilla,ABANDONADO,-27.4430722870001,-70.2733101899528,450.5,582.9,1,1,1,1
0807-3N,EMBALSE 3,Atacama,Copiapó,INACTIVO,-27.3892604672689,-70.3402566295801,380.5,210.4,1,1,1,1
0808-3N,EMBALSE 5,Atacama,Copiapó,INACTIVO,-27.3878658336479,-70.34134622951,563.5,256.7,1,1,1,1
0809-3N,EMBALSE 6,Atacama,Copiapó,ACTIVO,-27.3865933629083,-70.3413026345959,581.8,291.7,1,1,1,1
0810-3N,EMBALSE 7,Atacama,Copiapó,ACTIVO,-27.3902967256265,-70.3448596282097,643.3,342.9,1,1,1,1
0811-3N,EMBALSE DE RELAVES 2,Atacama,Copiapó,ACTIVO,-27.4044638201612,-70.3516303575775,367.0,374.4,1,1,1,1
0812-3N,RELAVE 2,Atacama,Copiapó,INACTIVO,-27.4064103397095,-70.3541232260285,443.0,239.1,1,1,1,1
0813-3N,DEPOSITO RELAVE FILTRADO 2,Atacama,Diego de Almagro,EN CONSTRUCCION,-26.3526472801742,-70.0102496943271,1230.2,4388.1,0,1,0,1
0814-3N,DEPOSITO SECO,Atacama,Copiapó,EN CONSTRUCCION,-27.3977937227416,-70.340350179812,241.5,232.7,1,1,1,1
0815-3N,TRANQUE DE RELAVES SANTA MARGARITA,Atacama,Caldera,EN CONSTRUCCION,-27.5244716176861,-70.8508072794721,171.9,24149.3,1,1,0,0
0816-4N,SAN ALEJANDRO 2 (EX TRAPICHE 2),Coquimbo,La Higuera,INACTIVO,-29.3583139114164,-71.1235135050775,413.7,8527.7,1,1,0,0
0817-4N,EMBALSE DE RELAVES MANTOS DE HORNILLOS,Coquimbo,Ovalle,ACTIVO,-31.1187724268277,-71.5913072056961,919.0,849.9,1,1,1,1
0818-4N,ACOPIO DE RELAVE PONCE,Coquimbo,Andacollo,INACTIVO,-30.2507223455516,-71.0785504701054,1004.1,463.1,0,1,1,1
0819-4N,PONCE ,Coquimbo,Andacollo,EN REVISION,-30.2519207690869,-71.0766385822332,1229.8,467.6,0,1,1,1
0820-4N,ACOPIOS EL ROMERO,Coquimbo,Illapel,ABANDONADO,-31.4145588039175,-71.058648668911,433.8,19211.3,1,1,0,0
0821-4N,MIILLAPEL 1,Coquimbo,Illapel,INACTIVO,-31.4222415035424,-71.0836440837024,168.4,18352.2,1,1,0,0
0822-4N,MIILLAPEL 2,Coquimbo,Illapel,INACTIVO,-31.41967456356,-71.0846125082839,149.2,18641.2,1,1,0,0
0823-4N,DEPOSITO RELAVE SANTA MARIA VERONICA,Coquimbo,Andacollo,ACTIVO,-30.2540387157937,-71.0785039387603,1065.4,193.5,0,1,1,1
0824-4N,ACOPIO RELAVE SANTA MARIA VERONICA,Coquimbo,Andacollo,ACTIVO,-30.2539809123531,-71.0799500317828,926.3,80.3,1,1,1,1
0825-4N,DEPOSITO DE RELAVES FILTRADOS,Coquimbo,Andacollo,EN CONSTRUCCION,-30.2028180527224,-71.0879194996157,2454.8,2039.6,0,1,0,1
0826-4N,ACOPIO DE ARENAS,Coquimbo,Ovalle,ABANDONADO,-30.7000423571388,-71.506638585671,483.5,799.5,1,1,1,1
0827-4N,BARRAZA 2,Coquimbo,Ovalle,ABANDONADO,-30.7024415832016,-71.5082053089365,760.7,866.3,1,1,1,1
0828-4N,LLAMUCO 4,Coquimbo,Salamanca,ABANDONADO,-31.6920669114048,-70.7768603536036,21.1,18347.5,1,1,0,0
0829-4N,DEPOSITOS RELAVES DENVER,Coquimbo,Combarbalá,INACTIVO,-31.2102657364195,-71.0649802704865,261.1,4773.7,1,1,0,1
0830-4N,DEPOSITO DE RELAVES DENVER 2,Coquimbo,Combarbalá,ABANDONADO,-31.2097770885058,-71.0657836677682,167.9,4811.9,1,1,0,1
0831-4N,DELIRIO 2,Coquimbo,Punitaqui,ABANDONADO,-30.8790824765373,-71.2395475697545,401.5,1229.3,1,1,0,1
0832-4N,FLOR DE VALLE 3,Coquimbo,Combarbalá,ABANDONADO,-31.221979266528,-71.0604591294192,837.2,5247.2,1,1,0,0
0833-5C,ACOPIO LOS MAITENES,Valparaíso,Puchuncaví,ABANDONADO,-32.786602057184,-71.4629131909971,2983.9,165.1,0,1,1,1
0834-5C,DEPOSITO DE RELAVE EN PASTA INTERIOR MINA (DEPIM),Valparaíso,Cabildo,ACTIVO,-32.4642568727451,-71.0623593381951,2270.5,1995.4,0,1,0,1
0835-6C,DEPOSITO RELAVES LA ESCUELA,Libertador General Bernardo O'Higgins,Rancagua,ABANDONADO,-34.0805417334486,-70.8380296177383,1415.4,125.1,0,1,1,1
0836-11S,DEPOSITO INTERIOR MINA DOÑA ROSA,Aysén del General Carlos Ibáñez del Campo,Coihaique,ACTIVO,-45.0399890942822,-71.9506228800731,414.5,360.6,1,1,1,1
0837-3N,1-2-2B,Atacama,Copiapó,INACTIVO,-27.3649210000442,-70.3483859995629,59.5,256.4,1,1,1,1
0838-3N,TRANQUE DE RELAVE RAMIRO BRUZONE,Atacama,Freirina,INACTIVO,-28.5226125221935,-71.0481493594642,310.5,183.3,1,1,1,1
0839-3N,TRANQUE DE RELAVE EDUARDO ALTAMIRANO,Atacama,Freirina,INACTIVO,-28.5178089999372,-71.055466999836,331.0,380.5,1,1,1,1
